Filename,Checkout_No,Type ,Sensor_Make,Sensor_Model,Sensor_SN,Limits,Dimensions,Site,,
001-01-31-05,91,Current Sensor,Aanderaa,DCS 3900R,352,0-300,cm/s,K,,
001-01-31-05,91,Air Temperature,R.M. Young,41342VC,7884,°¿ 50,deg. C,K,,
001-01-31-05,91,Barometer,Vaisala,PTB100A,Y3230007,600 - 1060,hPa,K,,
001-01-31-05,91,Anemometer,Gill,Wind Observer II,549,N/A,N/A,K,,
001-01-31-05,91,Compass,KVH Industries,C100-LP,4070116,N/A,N/A,K,,
001-01-31-05,91,Tilt,missing,missing,42630008,N/A,N/A,K,,
001-05-10-05,92,Current Sensor,Aanderaa,DCS 3900R,352,0-300,cm/s,K,,
001-05-10-05,92,Modem,Qualcomm,GSP 1620,74022F95,0 - 350 ,cm/sec,K,,
001-05-10-05,92,Air Temperature,R.M. Young,41342VC,7884,°¿ 50,deg. C,K,,
001-05-10-05,92,Anemometer,Gill,Wind Observer II,1373,N/A,N/A,K,,
001-05-10-05,92,Compass,KVH Industries,C100-LP,,N/A,N/A,K,,
001-07-03-03,90,Current Sensor,Aanderaa,DCS 3900R,96,0-300,cm/s,B,,
001-07-03-03,90,Air Temperature,R.M. Young,41342VC,5018,°¿ 50,deg. C,B,,
001-07-03-03,90,Barometer,Vaisala,PTB100A,X0930022,600 - 1060,hPa,B,,
001-07-03-03,90,Anemometer,Gill,Wind Observer II,547,N/A,N/A,B,,
001-07-03-03,90,Compass,KVH Industries,C100-LP,unknown,N/A,N/A,B,,
001-08-05-02,89,Current Sensor,Aanderaa,DCS 3900R,96,0 - 300,cm/sec,J,,
001-08-05-02,89,Anemometer,missing,missing,missing,missing,missing,J,,
001-08-05-02,89,Barometer,missing,missing,missing,missing,missing,J,,
001-08-05-02,89,Compass,missing,missing,missing,missing,missing,J,,
001-08-05-02,89,Temperature,missing,missing,missing,missing,missing,J,,
001-08-05-02,89,Temperature/Conductivity,missing,missing,missing,missing,missing,J,,
001-08-14-02,88,Current Sensor,Aanderaa,DCS 3900R,96,0-300,cm/s,K,,
001-08-14-02,88,Air Temperature,R.M. Young,41342VC,5426,°¿ 50,deg. C,K,,
001-08-14-02,88,Barometer,Vaisala,PTB100A,V1230007,600 - 1060,hPa,K,,
001-08-14-02,88,Anemometer,Gill,Wind Observer II,549,N/A,N/A,K,,
001-08-14-02,88,Compass,KVH Industries,C100-LP,unknown,N/A,N/A,K,,
002-04-19-04,95,Current Sensor,Aanderaa,DCS 3900R,355,0-300,cm/s,J,,
002-04-19-04,95,Air Temperature,R.M. Young,41342VC,5232,°¿ 50,deg. C,J,,
002-04-19-04,95,Barometer,Vaisala,PTB100A,Y3230005,600 - 1060,hPa,J,,
002-04-19-04,95,Anemometer,Gill,Wind Observer II,685,N/A,N/A,J,,
002-04-19-04,95,Compass,KVH Industries,C100-LP,unknown,N/A,N/A,J,,
002-05-29-02,93,Current Sensor,Aanderaa,DCS 3900R,110,0-300,cm/s,B,,
002-05-29-02,93,Air Temperature,R.M. Young,41342VC,5232,°¿ 50,deg. C,B,,
002-05-29-02,93,Barometer,Vaisala,PTB100A,W2850023,600 - 1060,hPa,B,,
002-05-29-02,93,Anemometer,Gill,Wind Observer II,685,N/A,N/A,B,,
002-05-29-02,93,Compass,KVH Industries,C100-LP,98020023,N/A,N/A,B,,
002-06-03-05,97,Current Sensor,Aanderaa,DCS 3900R,355,0-300,cm/s,J,,
002-06-03-05,97,Air Temperature,R.M. Young,41342VC,5018,°¿ 50,deg. C,J,,
002-06-03-05,97,Barometer,Vaisala,PTB100A,X0930022,600 - 1060,hPa,J,,
002-06-03-05,97,Anemometer,Gill,Wind Observer II,547,N/A,N/A,J,,
002-06-03-05,97,Compass,KVH Industries,C100-LP,98020023,N/A,N/A,J,,
002-07-29-04,96,Current Sensor,Aanderaa,DCS 3900R,355,0-300,cm/s,J,,
002-07-29-04,96,Modem,Qualcomm,GSP 1620,74022FBB,0 - 350 ,cm/sec,J,,
002-07-29-04,96,Air Temperature,R.M. Young,41342VC,5018,°¿ 50,deg. C,J,,
002-07-29-04,96,Barometer,Vaisala,PTB100A,X0930022,600 - 1060,hPa,J,,
002-07-29-04,96,Anemometer,Gill,Wind Observer II,547,N/A,N/A,J,,
002-08-04-03,94,Current Sensor,Aanderaa,DCS 3900R,223,0-300,cm/s,J,,
002-08-04-03,94,Air Temperature,R.M. Young,41342VC,5232,°¿ 50,deg. C,J,,
002-08-04-03,94,Barometer,Vaisala,PTB100A,W2850023,600 - 1060,hPa,J,,
002-08-04-03,94,Anemometer,Gill,Wind Observer II,685,N/A,N/A,J,,
002-09-22-06,99,Current Sensor,Aanderaa,DCS 3900R,355,0-300,cm/s,B,,
002-09-22-06,99,Air Temperature,R.M. Young,41342VC,5018,°¿ 50,deg. C,B,,
002-09-22-06,99,Barometer,Vaisala,PTB100A,Y3230005,600 - 1060,hPa,B,,
002-09-22-06,99,Anemometer,Gill,Wind Observer II,547,N/A,N/A,B,,
002-09-22-06,99,Compass,KVH Industries,C100-LP,97080017,N/A,N/A,B,,
002-11-15-05,98,Current Sensor,Aanderaa,DCS 3900R,355,0-300,cm/s,K,,
002-11-15-05,98,Air Temperature,R.M.Young,41342VC,5018,°¿ 50,deg. C,K,,
002-11-15-05,98,Barometer,Vaisala,PTB100A,Y3230005,600 - 1060,hPa,K,,
002-11-15-05,98,Anemometer,Gill,Wind Observer II,547,N/A,N/A,K,,
002-11-15-05,98,Compass,KVH Industries,C100-LP,97080017,N/A,N/A,K,,
002-11-20-07,100,Current Sensor,Aanderaa,DCS 4100R,214,0-300,cm/s,K,,
002-11-20-07,100,Air Temperature,R.M.Young,41342VC,5018,°¿ 50,deg. C,K,,
002-11-20-07,100,Barometer,Vaisala,PTB100A,X0930022,600 - 1060,hPa,K,,
002-11-20-07,100,Anemometer,Gill,Wind Observer II,547,N/A,N/A,K,,
003-04-22-02,101,Current Sensor,Aanderaa,DCS 3900R,19,0-300,cm/s,K,,
003-04-22-02,101,Air Temperature,R.M. Young,41342VC,5630,°¿ 50,deg. C,K,,
003-04-22-02,101,Temperature/Conductivity,Sea-Bird Electronics,MicroCAT SBE-37-SI ,1528,(-)5 - (+)35,Deg.C,K,,
003-04-22-02,101,Barometer,Vaisala,PTB100A,V1230010,600 - 1060,hPa,K,,
003-04-22-02,101,Temperature/Conductivity,Sea-Bird Electronics,MicroCAT SBE-37-SI ,1528,0 - 70,mS/cm,K,,
003-04-22-02,101,Anemometer,Gill,Wind Observer,0686,N/A,N/A,K,,
003-04-22-02,101,Compass,KVH Industries,C100-LP,SE-2502-0225,N/A,N/A,K,,
004-01-25-06,108,Current Sensor,Aanderaa,DCS 3900R,221,0 - 300,cm/sec,J,,
004-01-25-06,108,Air Temperature,R.M. Young,41342VC,5232,°¿ 50,deg. C,J,,
004-01-25-06,108,Barometer,Vaisala,PTB100A,WEF121905,600 - 1060,hPa,J,,
004-01-25-06,108,Anemometer,Gill,Wind Observer II,2082,N/A,N/A,J,,
004-01-25-06,108,Compass,KVH Industries,C100LP,97100002,N/A,N/A,J,,
004-01-29-04,106,Current Sensor,Aanderaa,DCS 3900R,221,0 - 300,cm/sec,missing,,
004-01-29-04,106,Air Temperature,R.M. Young,41342VC,unknown,°¿50,deg. C,missing,,
004-01-29-04,106,Barometer,Vaisala,PTB100A,X0930022,600 - 1060,hPa,missing,,
004-01-29-04,106,Anemometer,Gill,Wind Observer II,547,N/A,N/A,missing,,
004-01-29-04,106,Compass,KVH Industries,C100LP,N/A,N/A,N/A,missing,,
004-02-27-02,103,Current Sensor,Aanderaa,DCS 3900R,45,0 - 300,cm/sec,B,,
004-04-10-01,102,Air Temperature,R.M. Young,41342VC,05630,°¿ 50,deg. C,J,,
004-04-10-01,102,Barometer,Vaisala,PTB100A,V4230003,600 - 1060,hPa,J,,
004-04-10-01,102,Anemometer,Gill,Wind Observer II,000106,N/A,N/A,J,,
004-04-10-01,102,Argos Antenna,MaxRad,UHF401,12972,N/A,N/A,J,,
004-04-10-01,102,Carmanah Light ,Carmanah,601,29349,N/A,N/A,J,,
004-04-10-01,102,Compass,KVH Industries,C100-LP,97100002,N/A,N/A,J,,
004-06-04-04,107,Current Sensor,Aanderaa,DCS 3900R,221,0 - 300,cm/sec,missing,,
004-06-04-04,107,Air Temperature,R.M. Young,41342VC,5018,°¿ 50,deg. C,missing,,
004-06-04-04,107,Barometer,Vaisala,PTB100A,X0930022,600 - 1060,hPa,missing,,
004-06-04-04,107,Anemometer,Gill,Wind Observer II,547,N/A,N/A,missing,,
004-06-04-04,107,Compass,KVH Industries,C100LP,97100000,N/A,N/A,missing,,
004-08-13-02,104,Current Sensor,Aanderaa,DCS 3900R,45,0 - 300,cm/sec,J,,
004-08-13-02,104,Air Temperature,R.M. Young,41342VC,5018,°¿ 50,deg. C,J,,
004-08-13-02,104,Barometer,Vaisala,PTB100A,V4230008,600 - 1060,hPa,J,,
004-08-13-02,104,Anemometer,Gill,Wind Observer II,220,N/A,N/A,J,,
004-08-13-02,104,Compass,KVH Industries,C100LP,unknown,N/A,N/A,J,,
004-10-06-03,105,Current Sensor,Aanderaa,DCS 3900R,72,0 - 300,cm/sec,missing,,
004-10-06-03,105,Barometer,Vaisala,PTB100A,Y3230007,600 - 1060,hPa,missing,,
004-10-06-03,105,Air Temperature,R.M. Young,41342VC,7884,N/A,N/A,missing,,
004-10-06-03,105,Anemometer,Gill,Wind Observer II,549,N/A,N/A,missing,,
004-10-06-03,105,Compass,KVH Industries,C100LP,97100002,N/A,N/A,missing,,
005-02-23-06,111,Current Sensor,Aanderaa , DCS 4100R,113,0-300,cm/s,N,,
005-02-23-06,111,Air Temperature,R.M. Young,41342VC,8111,°¿ 50,deg. C,N,,
005-02-23-06,111,Barometer,Vaisala,PTB100A,WEF121905,600 - 1060,hPa,N,,
005-02-23-06,111,Anemometer,Gill,Wind Observer II,2082,N/A,N/A,N,,
005-02-23-06,111,Compass,KVH Industries,C100LP,5070436,N/A,N/A,N,,
005-03-02-07,112,Current Sensor,Aanderaa, DCS 4100R,68,0-300,cm/s,missing,,
005-03-02-07,112,Air Temperature,R.M. Young,41342VC,8110,°¿ 50,deg. C,missing,,
005-03-02-07,112,Barometer,Vaisala,PTB100A,A5110002,600 - 1060,hPa,missing,,
005-03-02-07,112,Anemometer,Gill,Wind Observer II,983,N/A,N/A,missing,,
005-03-02-07,112,Compass,KVH Industries,C100LP,5070436,N/A,N/A,missing,,
005-03-03-03,110,Current Sensor,Aanderaa, DCS 3900R,109,0 - 300,cm/sec,missing,,
005-03-03-03,110,Barometer,Vaisala,PTB100A,Y3230006,600 - 1060,hPa,missing,,
005-03-03-03,110,Air Temperature,R.M. Young,41342VC,7881,N/A,N/A,missing,,
005-03-03-03,110,Anemometer,Gill,Wind Observer II,984,N/A,N/A,missing,,
005-08-14-02,109,Current Sensor,Aanderaa,DCS 3900R,109,0 - 300,cm/sec,N,,
005-08-14-02,109,Anemometer,missing,missing,missing,missing,missing,N,,
005-08-14-02,109,Barometer,missing,missing,missing,missing,missing,N,,
005-08-14-02,109,Compass,missing,missing,missing,missing,missing,N,,
005-08-14-02,109,Temperature,missing,missing,missing,missing,missing,N,,
005-08-14-02,109,Temperature/Conductivity,missing,missing,missing,missing,missing,N,,
005-09-09-08,113,Current Sensor,Aanderaa, DCS 4100R,68,0-300,cm/s,V,,
005-09-09-08,113,Air Temperature,R.M. Young,41342VC,8110,°¿50,deg. C,V,,
005-09-09-08,113,Barometer,Vaisala,PTB100A,A5110002,600 - 1060,hPa,V,,
005-09-09-08,113,Anemometer,Gill,Wind Observer II,983,N/A,N/A,V,,
005-09-09-08,113,Compass,KVH Industries,C100LP,5070436,N/A,N/A,V,,
006-06-26-02,114,Current Sensor,Aanderaa,DCS 3900R,109,0 - 300,cm/sec,N,,
006-06-26-02,114,Air Temperature,R.M. Young,41342VC,5426,°¿50,deg. C,N,,
006-06-26-02,114,Barometer,Vaisala,PTB100A,V1230007,600 - 1060,hPa,N,,
006-06-26-02,114,Anemometer,Gill,Wind Observer II,N/A,N/A,N/A,N,,
006-06-26-02,114,Compass,KVH Industries,C100LP,98020033,N/A,N/A,N,,
006-08-18-03,115,Current Sensor,Aanderaa,DCS 3900R,42,0 - 300,cm/sec,missing,,
006-08-18-03,115,Compass,KVH Industries,C100LP,98020033,0 - 360 ,deg. Mag.,missing,,
006-08-18-03,115,Barometer,Vaisala,PTB100A,V1230007,600 - 1060,hPa,missing,,
006-08-18-03,115,Anemometer,Gill,Wind Observer II,549,0 - 60,m/s,missing,,
006-09-01-05,116,Current Sensor,Aanderaa,DCS 3900R,222,0 - 300,cm/sec,V,,
006-09-01-05,116,Air Temperature,R.M. Young,41342VC,5426,°¿50,deg. C,V,,
006-09-01-05,116,Compass,KVH Industries,C100LP,98020023,0 - 360 ,deg. Mag.,V,,
006-09-01-05,116,Barometer,Vaisala,PTB100A,V1230007,600 - 1060,hPa,V,,
006-09-01-05,116,Anemometer,Gill,Wind Observer II,983,0 - 60,m/s,V,,
006-09-19-06,117,Air Temperature,R.M. Young,41342VC,5426,°¿ 50,°„C,V,,
006-09-19-06,117,Current Sensor,Aanderaa,DCS 3820R,506,0 - 300,cm/sec,V,,
006-09-19-06,117,Barometer,Vaisala,PTB100A,V1230007,600 - 1060,hPa,V,,
006-09-19-06,117,Anemometer,Gill,Wind Observer II,000549,N/A,N/A,V,,
006-09-19-06,117,Compass,KVH Industries,C100LP,98020023,N/A,N/A,V,,
007-01-18-01,118,Compass,missing,missing,SE-2502-0225,missing,missing,V,,
007-01-18-01,118,ADCP Sensor,Teledyne RD Instruments,300Hz,003,N/A,N/A,V,,
008-04-14-11,162,Temperature/Humidity,Rotronic, MP101A ,60308213,0-100,%,B,,
008-04-14-11,162,Current Sensor ,Aanderaa, DCS 4100R ,209,0-350,cm/s,B,,
008-04-14-11,162,Temperature/Humidity,Rotronic, MP101A ,60308213,(-)30 - (+)70,deg. C,B,,
008-04-14-11,162,Barometer,Vaisala,PTB210,F1610015,500 - 1100,hPa,B,,
008-04-14-11,162,Anemometer,Gill,Windsonic,41839,0-60,m/s,B,,
008-04-14-11,162,Conductivity,Aanderaa,3919,348,0 - 75,mmho/cm,B,,
008-04-14-11,162,Argos,Seimac, Wildcat ,67705,N/A,N/A,B,,
008-04-14-11,162,Modem,Qualcomm, GSP 1620 ,74024191,N/A,N/A,B,,
008-04-19-07,122,Temperature/Humidity,Rotronic,MP101A,123721,0 - 100,%,B,,
008-04-19-07,122,Current Sensor,Aanderaa,DCS 3900R,363,0 - 300,cm/sec,B,,
008-04-19-07,122,Compass,Honeywell,HMR3300,N/A,0 - 360 ,deg. Mag.,B,,
008-04-19-07,122,Temperature/Humidity,Rotronic,MP101A,123721,(-)30 - (+)70,degree,B,,
008-04-19-07,122,Barometer,Vaisala,PTB210,A3510001,500 - 1100,hPa,B,,
008-04-19-07,122,Anemometer,Gill,Windsonic,041839,0 - 60,m/s,B,,
008-04-19-07,122,Conductivity,Aanderaa,3919B,165,0 - 75,mmho/cm,B,,
008-04-19-07,122,Argos,Seimac,Wildcat,67705,N/A,N/A,B,,
008-04-19-07,122,GPS,Garmin,16,N/A,N/A,N/A,B,,
008-04-19-07,122,Modem,Qualcomm,GSP 1620,74024191,N/A,N/A,B,,
008-04-26-06,120,Temperature/Humidity,Rotronic,MP101A,113719,0 - 100,%,B,,
008-04-26-06,120,Current Sensor,Aanderaa,DCS 3900R,363,0 - 300,cm/sec,B,,
008-04-26-06,120,Compass,Honeywell,HMR3300,N/A,0 - 360 ,deg. Mag.,B,,
008-04-26-06,120,Temperature/Humidity,Rotronic,MP101A,113719,(-)30 - (+)70,degree,B,,
008-04-26-06,120,Barometer,Vaisala,PTB210,A3510001,500 - 1100,hPa,B,,
008-04-26-06,120,Anemometer,Gill,Windsonic,041839,0 - 60,m/s,B,,
008-04-26-06,120,Conductivity,Aanderaa,3919B,165,0 - 75,mmho/cm,B,,
008-04-26-06,120,Argos,Seimac,Wildcat,67705,N/A,N/A,B,,
008-04-26-06,120,GPS,Garmin,16,N/A,N/A,N/A,B,,
008-04-26-06,120,Modem,Qualcomm,GSP 1620,74024191,N/A,N/A,B,,
008-05-06-10,125,Temperature/Humidity,Rotronic,MP101A,60308213,0 - 100,%,B,,
008-05-06-10,125,Current Sensor,Aanderaa,DCS 4100R,209,0-300,cm/s,B,,
008-05-06-10,125,Compass,Honeywell,HMR3300,N/A,0 - 360 ,deg. Mag.,B,,
008-05-06-10,125,Temperature/Humidity,Rotronic,MP101A,60308213,(-)30 - (+)70,degree,B,,
008-05-06-10,125,Barometer,Vaisala,PTB210,F1610015,500 - 1100,hPa,B,,
008-05-06-10,125,Anemometer,Gill,Windsonic,041839,0 - 60,m/s,B,,
008-05-06-10,125,Conductivity,Aanderaa,3919B,348,0 - 75,mmho/cm,B,,
008-05-06-10,125,Argos,Seimac,Wildcat,67705,N/A,N/A,B,,
008-05-06-10,125,GPS,Garmin,16,N/A,N/A,N/A,B,,
008-05-06-10,125,Modem,Qualcomm,GSP 1620,74024191,N/A,N/A,B,,
008-07-15-09,124,Temperature/Humidity,Rotronic,MP101A,137138,0 - 100,%,J,,
008-07-15-09,124,Current Sensor,Aanderaa, DCS 3900R,67,0 - 300,cm/sec,J,,
008-07-15-09,124,Compass,Honeywell,HMR3300,N/A,0 - 360 ,deg. Mag.,J,,
008-07-15-09,124,Temperature/Humidity,Rotronic,MP101A,137138,(-)30 - (+)70,degree,J,,
008-07-15-09,124,Barometer,Vaisala,PTB210,B3040002,500 - 1100,hPa,J,,
008-07-15-09,124,Anemometer,Gill,Windsonic,041839,0 - 60,m/s,J,,
008-07-15-09,124,Conductivity,Aanderaa,3919B,348,0 - 75,mmho/cm,J,,
008-07-15-09,124,Argos,Seimac,Wildcat,67705,N/A,N/A,J,,
008-07-15-09,124,GPS,Garmin,16,N/A,N/A,N/A,J,,
008-07-15-09,124,Modem,Qualcomm,GSP 1620,74024191,N/A,N/A,J,,
008-08-08-08,123,Temperature/Humidity,Rotronic,MP101A,142056,0 - 100,%,B,,
008-08-08-08,123,Current Sensor,Aanderaa,DCS 4100R,67,0-300,cm/s,B,,
008-08-08-08,123,Compass,Honeywell,HMR3300,N/A,0 - 360 ,deg. Mag.,B,,
008-08-08-08,123,Temperature/Humidity,Rotronic,MP101A,142056,(-)30 - (+)70,degree,B,,
008-08-08-08,123,Barometer,Vaisala,PTB210,B3040002,500 - 1100,hPa,B,,
008-08-08-08,123,Anemometer,Gill,Windsonic,041839,0 - 60,m/s,B,,
008-08-08-08,123,Conductivity,Aanderaa,3919B,348,0 - 75,mmho/cm,B,,
008-08-08-08,123,Argos,Seimac,Wildcat,67705,N/A,N/A,B,,
008-08-08-08,123,GPS,Garmin,16,N/A,N/A,N/A,B,,
008-08-08-08,123,Modem,Qualcomm,GSP 1620,74024191,N/A,N/A,B,,
008-08-30-06,121,Temperature/Humidity,Rotronic,MP101A,123721,0 - 100,%,K,,
008-08-30-06,121,Current Sensor,Aanderaa,DCS 3900R,363,0 - 300,cm/sec,K,,
008-08-30-06,121,Compass,Honeywell,HMR3300,N/A,0 - 360 ,deg. Mag.,K,,
008-08-30-06,121,Temperature/Humidity,Rotronic,MP101A,123721,(-)30 - (+)70,degree,K,,
008-08-30-06,121,Barometer,Vaisala,PTB210,A3510001,500 - 1100,hPa,K,,
008-08-30-06,121,Anemometer,Gill,Windsonic,041839,0 - 60,m/s,K,,
008-08-30-06,121,Conductivity,Aanderaa,3919B,347,0 - 75,mmho/cm,K,,
008-08-30-06,121,Argos,Seimac,Wildcat,67705,N/A,N/A,K,,
008-08-30-06,121,GPS,Garmin,16,N/A,N/A,N/A,K,,
008-08-30-06,121,Modem,Qualcomm,GSP  1620,74024191,N/A,N/A,K,,
008-11-04-05,119,Temperature/Humidity,Rotronic,MP101A,113719,0 - 100,%,J,,
008-11-04-05,119,Current Sensor,Aanderaa,DCS 3900R,363,0 - 300,cm/sec,J,,
008-11-04-05,119,Compass,Honeywell,HMR3300,N/A,0 - 360 ,deg. Mag.,J,,
008-11-04-05,119,Temperature/Humidity,Rotronic,MP101A,113719,(-)30 - (+)70,degree,J,,
008-11-04-05,119,Barometer,Vaisala,PTB210,A3510001,500 - 1100,hPa,J,,
008-11-04-05,119,Anemometer,Gill,Windsonic,041839,0 - 60,m/s,J,,
008-11-04-05,119,Conductivity,Aanderaa,3919B,347,0 - 75,mmho/cm,J,,
008-11-04-05,119,Argos,Seimac,Wildcat,67705,N/A,N/A,J,,
008-11-04-05,119,GPS,Garmin,16,N/A,N/A,N/A,J,,
008-11-04-05,119,Modem,Qualcomm,GSP 1620,74024191,N/A,N/A,J,,
009-01-12-10,131,Temperature/Humidity,Rotronic,MP101A,123720,0 - 100,%,K,,
009-01-12-10,131,Current Sensor,Aanderaa, DCS 3900R,507,0-300,cm/s,K,,
009-01-12-10,131,Compass,Honeywell,HMR3300,N/A,0 - 360 ,deg. Mag.,K,,
009-01-12-10,131,Temperature/Humidity,Rotronic,MP101A,123720,(-)30 - (+)70,degree,K,,
009-01-12-10,131,Barometer,Vaisala,PTB210,B3040001,500 - 1100,hPa,K,,
009-01-12-10,131,Anemometer,Gill,Windsonic,034945,0 - 60,m/s,K,,
009-01-12-10,131,Conductivity,Aanderaa,3919B,694,0 - 75,mmho/cm,K,,
009-01-12-10,131,Argos,Seimac,Wildcat,67701,N/A,N/A,K,,
009-01-12-10,131,GPS,Garmin,16,N/A,N/A,N/A,K,,
009-01-12-10,131,Modem,Qualcomm,GSP 1620,74046B42,N/A,N/A,K,,
009-01-29-08,129,Temperature/Humidity,Rotronic,MP101A,137139,0 - 100,%,B,,
009-01-29-08,129,Current Sensor,Aanderaa,DCS 3900R,507,0-300,cm/s,B,,
009-01-29-08,129,Compass,Honeywell,HMR3300,N/A,0 - 360 ,deg. Mag.,B,,
009-01-29-08,129,Temperature/Humidity,Rotronic,MP101A,137139,(-)30 - (+)70,degree,B,,
009-01-29-08,129,Barometer,Vaisala,PTB210,A930038,500 - 1100,hPa,B,,
009-01-29-08,129,Anemometer,Gill,Windsonic,034945,0 - 60,m/s,B,,
009-01-29-08,129,Conductivity,Aanderaa,3919B,694,0 - 75,mmho/cm,B,,
009-01-29-08,129,Argos,Seimac,Wildcat,67701,N/A,N/A,B,,
009-01-29-08,129,GPS,Garmin,16,N/A,N/A,N/A,B,,
009-01-29-08,129,Modem,Qualcomm,GSP 1620,740408AC,N/A,N/A,B,,
009-02-23-07,128,Temperature/Humidity,Rotronic,MP101A,123719,0 - 100,%,K,,
009-02-23-07,128,Current Sensor,Aanderaa, DCS 3820R,507,0 - 300,cm/sec,K,,
009-02-23-07,128,Compass,Honeywell,HMR3300,N/A,0 - 360 ,deg. Mag.,K,,
009-02-23-07,128,Temperature/Humidity,Rotronic,MP101A,123719,(-)30 - (+)70,degree,K,,
009-02-23-07,128,Barometer,Vaisala,PTB210,A390038,500 - 1100,hPa,K,,
009-02-23-07,128,Anemometer,Gill,Windsonic,034945,0 - 60,m/s,K,,
009-02-23-07,128,Conductivity,Aanderaa,3919B,35,0 - 75,mmho/cm,K,,
009-02-23-07,128,Argos,Seimac,Wildcat,67701,N/A,N/A,K,,
009-02-23-07,128,GPS,Garmin,16,N/A,N/A,N/A,K,,
009-02-23-07,128,Modem,Qualcomm,GSP 1620,74046583,N/A,N/A,K,,
009-07-03-06,127,Temperature/Humidity,Rotronic,MP101A,115466,0 - 100,%,B,,
009-07-03-06,127,Current Sensor,Aanderaa,DCS 3820R,507,0 - 300,cm/sec,B,,
009-07-03-06,127,Compass,Honeywell,HMR3300,N/A,0 - 360 ,deg. Mag.,B,,
009-07-03-06,127,Temperature/Humidity,Rotronic,MP101A,115466,(-)30 - (+)70,degree,B,,
009-07-03-06,127,Barometer,Vaisala,PTB210,Y0840001,500 - 1100,hPa,B,,
009-07-03-06,127,Anemometer,Gill,Windsonic,034945,0 - 60,m/s,B,,
009-07-03-06,127,Conductivity,Aanderaa,3919B,35,0 - 75,mmho/cm,B,,
009-07-03-06,127,Argos,Seimac,Wildcat,67701,N/A,N/A,B,,
009-07-03-06,127,GPS,Garmin ,16,N/A,N/A,N/A,B,,
009-07-03-06,127,LinkQuest,LinkQuest Modem,UMW-2000,740408AC,N/A,N/A,B,,
009-07-03-06,127,Modem,Qualcomm,GSP 1620,740408AC,N/A,N/A,B,,
009-10-07-05,126,Temperature/Humidity,Rotronic,MP101A,118839,0 - 100,%,B,,
009-10-07-05,126,Current Sensor,Aanderaa,DCS 3820R,507,0 - 300,cm/sec,B,,
009-10-07-05,126,Compass,Honeywell,HMR3300,N/A,0 - 360 ,deg. Mag.,B,,
009-10-07-05,126,Temperature/Humidity,Rotronic,MP101A,118839,(-)30 - (+)70,degree,B,,
009-10-07-05,126,Anemometer,Gill,Windsonic,034945,0 - 60,m/s,B,,
009-10-07-05,126,Conductivity,Aanderaa,3919B,163,N/A,N/A,B,,
009-12-05-08,130,Temperature/Humidity,Rotronic,MP101A,123720,0 - 100,%,B,,
009-12-05-08,130,Current Sensor,Aanderaa,DCS 3900R,507,0-300,cm/s,B,,
009-12-05-08,130,Compass,Honeywell,HMR3300,N/A,0 - 360 ,deg. Mag.,B,,
009-12-05-08,130,Temperature/Humidity,Rotronic,MP101A,123720,(-)30 - (+)70,degree,B,,
009-12-05-08,130,Barometer,Vaisala,PTB210,B3040001,500 - 1100,hPa,B,,
009-12-05-08,130,Anemometer,Gill,Windsonic,034945,0 - 60,m/s,B,,
009-12-05-08,130,Conductivity,Aanderaa,3919B,694,0 - 75,mmho/cm,B,,
009-12-05-08,130,Argos,Seimac,Wildcat,67701,N/A,N/A,B,,
009-12-05-08,130,GPS,Garmin,16,N/A,N/A,N/A,B,,
009-12-05-08,130,Modem,Qualcomm,GSP 1620,740408AC,N/A,N/A,B,,
010-02-28-07,134,Temperature/Humidity,Rotronic, MP101A ,123722,0-100,%,N,,
010-02-28-07,134,Current Sensor ,Anderaa, DCS 3820R ,508,0-300,cm/s,N,,
010-02-28-07,134,Compass ,Honeywell, HMR3300 ,N/A,0-360,d Mag.,N,,
010-02-28-07,134,Temperature/Humidity,Rotronic, MP101A ,123722,(-)30 - (+)70,deg. C,N,,
010-02-28-07,134,Barometer,Vaisala, PTB210 ,A4930037,500 - 1100,hPa,N,,
010-02-28-07,134,Anemometer ,Gill, Windsonic ,061630,0-60,m/s,N,,
010-02-28-07,134,Conductivity,Aanderaa,3919B,36,0 - 75,mmho/cm,N,,
010-02-28-07,134,Argos,Seimac, Wildcat ,18199,N/A,N/A,N,,
010-02-28-07,134,GPS,Garmin ,16 ,N/A,N/A,N/A,N,,
010-02-28-07,134,Modem,Qualcomm, GSP 1620 ,74040899,N/A,N/A,N,,
010-07-11-06,133,Temperature/Humidity,Rotronic, MP101A ,118840,0-100,%,V,,
010-07-11-06,133,Current Sensor ,Anderaa, DCS 3900R ,508,0-300,cm/s,V,,
010-07-11-06,133,Compass ,Honeywell, HMR3300 ,N/A,0-360,d Mag.,V,,
010-07-11-06,133,Temperature/Humidity,Rotronic, MP101A ,118840,(-)30 - (+)70,deg. C,V,,
010-07-11-06,133,Barometer,Vaisala, PTB210 ,Z0320001,500 - 1100,hPa,V,,
010-07-11-06,133,Anemometer ,Gill, Windsonic ,061630,0-60,m/s,V,,
010-07-11-06,133,Conductivity,Aanderaa,3919B,36,0 - 75,mmho/cm,V,,
010-07-11-06,133,Argos,Seimac, Wildcat ,18199,N/A,N/A,V,,
010-07-11-06,133,GPS,Garmin ,16 ,N/A,N/A,N/A,V,,
010-07-11-06,133,Modem,Qualcomm, GSP 1620 ,74024193,N/A,N/A,V,,
010-10-07-05,132,Current Sensor,Aanderaa,DCS 3900R,508,0-300,cm/s,B,,
010-10-07-05,132,Temperature/Conductivity,Sea-Bird Electronics,MicroCAT SBE-37-SI ,1528,(-)5 - (+)35,Deg.C,B,,
010-10-07-05,132,Anemometer,Gill,Windsonic,34944,N/A,N/A,B,,
010-10-07-05,132,Barometer,Vaisala,PTB210,Y1010001,N/A,N/A,B,,
010-10-07-05,132,Compass,Honeywell,HMR3300,N/A,N/A,N/A,B,,
010-10-07-05,132,Temperature/Humidity,Rotronic,MP101A,87882,(-)30 - (+)70,N/A,B,,
010-12-14-07,135,Temperature/Humidity,Rotronic, MP101A ,133721,0-100,%,B,,
010-12-14-07,135,Current Sensor ,Anderaa, DCS 3820R ,508,0-300,cm/s,B,,
010-12-14-07,135,Compass ,Honeywell, HMR3300 ,N/A,0-360,d Mag.,B,,
010-12-14-07,135,Temperature/Humidity,Rotronic, MP101A ,133721,(-)30 - (+)70,deg. C,B,,
010-12-14-07,135,Barometer,Vaisala, PTB210 ,A4930037,500 - 1100,hPa,B,,
010-12-14-07,135,Anemometer ,Gill, Windsonic ,061630,0-60,m/s,B,,
010-12-14-07,135,Conductivity,Aanderaa,3919B,37,0 - 75,mmho/cm,B,,
010-12-14-07,135,Argos,Seimac, Wildcat ,18199,N/A,N/A,B,,
010-12-14-07,135,GPS,Garmin ,16 ,N/A,N/A,N/A,B,,
010-12-14-07,135,Modem,Qualcomm, GSP 1620 ,74046B0E,N/A,N/A,B,,
0109-02-13-03,3,Current Sensor,Aanderaa,DCS 3900R,31,0 - 300,cm/sec,F,,
0109-02-23-06,6,Current Sensor,Aanderaa,DCS 3900R,112,0 - 300,cm/sec,W,,
0109-02-23-06,6,Modem,Qualcomm,Globalstar,7403F4EF,N/A,N/A,W,,
0109-05-03-04,4,Current Sensor,Aanderaa,DCS 3900R,278,0 - 300,cm/sec,W,,
0109-05-03-04,4,Modem,Qualcomm,Globalstar,7403F4EF,N/A,N/A,W,,
0109-10-02-06,7,Current Sensor,Aanderaa,DCS 3900R,112,0 - 300,cm/sec,R,,
0109-10-26-04,5,Current Sensor,Aanderaa,DCS 3900R,278,0 - 300,cm/sec,B,,
0109-10-26-04,5,Modem,Qualcomm,Globalstar,7403F4FE,N/A,N/A,B,,
0109-11-01-02,2,Current Sensor,Aanderaa,DCS 3900R,31,0 - 300,cm/sec,W,,
0110-04-18-07,20,Current Sensor,Aanderaa,DCS 3900R,63,0 - 300,cm/sec,R,,
0110-04-18-07,20,Modem,Qualcomm,GSP 1620,740408BD,N/A,N/A,R,,
0110-07-02-02,16,Current Sensor,Aanderaa,DCS 3900R,19,0 - 300,cm/sec,R,,
0110-07-24-03,17,Current Sensor,Aanderaa,DCS 3900R,93,0 - 300,cm/sec,W,,
0110-07-27-06,19,Current Sensor,Aanderaa,DCS 3900R,63,0 - 300,cm/sec,W,,
0110-07-27-06,19,Modem,Qualcomm,GSP 1620,7403F4F5,N/A,N/A,W,,
0110-08-03-10,22,Current Sensor,Aanderaa,DCS 4100R,67,0 - 300,cm/sec,W,,
0110-08-03-10,22,Temperature/Conductivity,Sea-Bird Electronics,MicroCAT SBE-37-SI ,8059,(-)5 - (+)35,Deg.C,W,,
0110-08-03-10,22,Temperature/Conductivity,Sea-Bird Electronics,MicroCAT SBE-37-SI ,8059,0 - 70,mS/cm,W,,
0110-08-03-10,22,Modem ,Qualcomm,Global Star,740408BD,N/A,N/A,W,,
0110-10-05-05,18,Current Sensor,Aanderaa,DCS 3820R,506,0 - 300,cm/sec,D,,
0110-10-05-05,18,Modem,Qualcomm,GSP 1620,7403F4F5,N/A,N/A,D,,
0110-11-13-08,21,Current Sensor,Aanderaa, DCS 3900R,63,0 - 300,cm/sec,D,,
0110-11-13-08,21,Modem,Qualcomm,GSP 1620,740408BD,N/A,N/A,D,,
0111-01-15-04,10,Current Sensor,Aanderaa,DCS 3900R,289,0 - 300,cm/sec,R,,
0111-01-15-04,10,Modem,Motorola,AT,DF583005,N/A,N/A,R,,
0111-02-14-05,12,Current Sensor,Aanderaa,DCS 3900R,366,0 - 300,cm/sec,M,,
0111-02-14-05,12,Modem,Qualcomm,GSP 1620,7403F4F4,N/A,N/A,M,,
0111-03-26-07,15,Current Sensor,Aanderaa,DCS 4100R,63,0-300,cm/s,missing,,
0111-03-26-07,15,Modem,Qualcomm,Globalstar,7403F4F4,N/A,N/A,missing,,
0111-04-13-04,11,Current Sensor,Aanderaa,DCS 3900R,271,0 - 300,cm/sec,R,,
0111-04-13-04,11,Modem,Qualcomm,GSP 1620,7403F4F4,N/A,N/A,R,,
0111-04-20-06,14,Current Sensor,Aanderaa,DCS 4100R,67,0 - 300,cm/sec,D,,
0111-04-20-06,14,Modem,Qualcomm,GSP 1620,7403F4F4,N/A,N/A,D,,
0111-05-03-02,8,Current Sensor,Aanderaa,DCS 3900R,73,0 - 300,cm/sec,W,,
0111-07-03-03,9,Current Sensor,Aanderaa,DCS 3900R,73,0 - 300,cm/sec,D,,
0111-07-03-03,9,Modem,Qualcomm,Globalstar,74022FBB,N/A,N/A,D,,
0111-10-18-05,13,Current Sensor,Aanderaa,DCS 4100R,67,0 - 300,cm/sec,W,,
0111-10-18-05,13,Modem,Qualcomm,GSP 1620,7403F4F4,N/A,N/A,W,,
012-10-11-09,136,Temperature/Humidity,Rotronic, MP101A ,115718,0-100,%,N,,
012-10-11-09,136,Current Sensor ,Anderaa, DCS 3900R ,114,0-300,cm/s,N,,
012-10-11-09,136,Compass ,Honeywell, HMR3300 ,N/A,0-360,d Mag.,N,,
012-10-11-09,136,Temperature/Humidity,Rotronic, MP101A ,115718,(-)30 - (+)70,deg. C,N,,
012-10-11-09,136,Barometer,Vaisala, PTB210 ,Z0320002,500 - 1100,hPa,N,,
012-10-11-09,136,Anemometer ,Gill, Windsonic ,052244,0-60,m/s,N,,
012-10-11-09,136,Conductivity,Aanderaa,3919B,696,0 - 75,mmho/cm,N,,
012-10-11-09,136,Argos,Seimac, Wildcat ,18290,N/A,N/A,N,,
012-10-11-09,136,GPS,Garmin ,16 ,33344700,N/A,N/A,N,,
012-10-11-09,136,Modem,Qualcomm, GSP 1620 ,74046B1D,N/A,N/A,N,,
012-11-24-10,137,Temperature/Humidity,Rotronic, MP101A ,155959,0-100,%,V,,
012-11-24-10,137,Current Sensor ,Anderaa, DCS 4100R ,114,0-300,cm/s,V,,
012-11-24-10,137,Compass ,Honeywell, HMR3300 ,N/A,0-360,d Mag.,V,,
012-11-24-10,137,Temperature/Humidity,Rotronic, MP101A ,155959,(-)30 - (+)70,deg. C,V,,
012-11-24-10,137,Barometer,Vaisala, PTB210 ,Z0320002,500 - 1100,hPa,V,,
012-11-24-10,137,Anemometer ,Gill, Windsonic ,052244,0-60,m/s,V,,
012-11-24-10,137,Conductivity,Aanderaa,3919B,696,0 - 75,mmho/cm,V,,
012-11-24-10,137,Argos,Seimac, Wildcat ,18290,N/A,N/A,V,,
012-11-24-10,137,GPS,Garmin ,16 ,N/A,N/A,N/A,V,,
012-11-24-10,137,Modem,Qualcomm, GSP 1620 ,74046B1D,N/A,N/A,V,,
014-01-31-02,138,Current Sensor,Aanderaa,DCS3900R,43,0-300,cm/s,missing,,
014-05-07-02,139,Current Sensor,Aanderaa,DCS3900R,43,0-300,cm/s,J,,
014-05-07-02,139,Compass,Honeywell,HMR3300,unknown,0-360,d Mag.,J,,
014-05-07-02,139,Air Temperature,Rotronic,MP101A,32233,(-)40 - (+)60,deg. C,J,,
014-05-07-02,139,Temperature/Conductivity,Sea-Bird Electronics,MicroCAT SBE-37-SI ,1529,(-)5 - (+)35,Deg.C,J,,
014-05-07-02,139,Barometer,Vaisala,PTB100A,W3330005,500 - 1100,hPa,J,,
014-05-07-02,139,Anemometer,Gill,Windsonic,191,0-60,m/s,J,,
014-05-07-02,139,Temperature/Conductivity,Sea-Bird Electronics,MicroCAT SBE-37-SI ,1529,0 - 70,mS/cm,J,,
014-11-14-03,140,Temperature/Humidity,Rotronic,MP101A,74644,0-100,%,missing,,
014-11-14-03,140,Current Sensor,Aanderaa,DCS3900R,224,0-300,cm/s,missing,,
014-11-14-03,140,Compass ,Honeywell,HMR3300,unknown,0-360,d Mag.,missing,,
014-11-14-03,140,Temperature/Humidity,Rotronic,MP101A,74644,(-)30 - (+)70,deg. C,missing,,
014-11-14-03,140,Temperature/Conductivity,Sea-Bird Electronics,MicroCAT SBE-37-SI ,1618-1619,(-)5 - (+)35,Deg.C,missing,,
014-11-14-03,140,Barometer,Vaisala,PTB210,Y3350002,500 - 1100,hPa,missing,,
014-11-14-03,140,Anemometer,Gill,Windsonic,820,0-60,m/s,missing,,
014-11-14-03,140,Temperature/Conductivity,Sea-Bird Electronics,MicroCAT SBE-37-SI ,1618-1619,0 - 70,mS/cm,missing,,
015-04-12-02,141,Current Sensor,Aanderaa,DCS 3900R,70,0-300,cm/s,V,,
016-02-05-04,143,Temperature/Humidity,Rotronic,MP101A,74645,0-100,%,V,,
016-02-05-04,143,Current Sensor,Anderaa, DCS 3900R ,276,0-300,cm/s,V,,
016-02-05-04,143,Compass ,Honeywell,HMR3300,unknown,0-360,d Mag.,V,,
016-02-05-04,143,Temperature/Humidity,Rotronic,MP101A,74645,(-)30 - (+)70,deg. C,V,,
016-02-05-04,143,Barometer,Vaisala,PTB210,Y3230006,500 - 1100,hPa,V,,
016-02-05-04,143,Anemometer ,Gill, Windsonic ,984,0-60,m/s,V,,
016-12-12-02,142,Temperature/Humidity,Rotronic,MP101A,86190,0-100,%,N,,
016-12-12-02,142,Current Sensor ,Aanderaa, DCS 3900R ,221,0 - 300,cm/s,N,,
016-12-12-02,142,Temperature/Humidity,Rotronic,MP101A,86190,(-)30 - (+)70,deg. C,N,,
017-01-03-03,144,Temperature/Humidity,Rotronic, MP101A ,74644,0-100,%,K,,
017-01-03-03,144,Conductivity,Aanderaa,  DCS 3900R ,44,0-300,cm/s,K,,
017-01-03-03,144,Compass,Honeywell,HMR3300,unknown,0-360,d Mag.,K,,
017-01-03-03,144,Temperature/Humidity,Rotronic, MP101A ,74644,(-)30 - (+)70,deg. C,K,,
017-01-03-03,144,Temperature/Conductivity,Sea-Bird Electronics,MicroCAT SBE-37-SI ,1781,(-)5 - (+)35,Deg.C,K,,
017-01-03-03,144,Barometer,Vaisala,PTB210,W50020011,500 - 1100,hPa,K,,
017-01-03-03,144,Anemometer ,Gill, Windsonic ,822,0-60,m/s,K,,
018-04-21-11,163,Temperature/Humidity,Rotronic, MP101A ,123718,0-100,%,J,,
018-04-21-11,163,Current Sensor ,Aanderaa, DCS 4100R ,69,0-350,cm/s,J,,
018-04-21-11,163,Temperature/Humidity,Rotronic, MP101A ,123718,(-)30 - (+)70,deg. C,J,,
018-04-21-11,163,Barometer,Vaisala,PTB210,A4930038,500 - 1100,hPa,J,,
018-04-21-11,163,Anemometer,Gill,Windsonic,32203,0-60,m/s,J,,
018-04-21-11,163,Conductivity,Aanderaa,3919,347,0 - 75,mmho/cm,J,,
018-04-21-11,163,Argos,Seimac, Wildcat ,18150,N/A,N/A,J,,
018-04-21-11,163,Modem,Qualcomm, GSP 1620 ,7446B5B,N/A,N/A,J,,
018-06-02-10,148,Temperature/Humidity,Rotronic, MP101A ,123718,0-100,%,K,,
018-06-02-10,148,Current Sensor ,Aanderaa,  DCS 3900R ,69,0-300,cm/s,K,,
018-06-02-10,148,Compass ,Honeywell, HMR3300 ,N/A,0-360,d Mag.,K,,
018-06-02-10,148,Temperature/Humidity,Rotronic, MP101A ,123718,(-)30 - (+)70,deg. C,K,,
018-06-02-10,148,Barometer,Vaisala, PTB210 ,A4930038,500 - 1100,hPa,K,,
018-06-02-10,148,Anemometer ,Gill, Windsonic ,032203,0-60,m/s,K,,
018-06-02-10,148,Conductivity,Aanderaa,3919B,347,0 - 75,mmho/cm,K,,
018-06-02-10,148,Argos,Seimac, Wildcat ,18150,N/A,N/A,K,,
018-06-02-10,148,GPS,Garmin,16 ,N/A,N/A,N/A,K,,
018-06-02-10,148,Modem,Qualcomm, GSP 1620 ,74046B33,N/A,N/A,K,,
018-08-06-08,146,Temperature/Humidity,Rotronic, MP101A ,142057,0-100,%,K,,
018-08-06-08,146,Current Sensor ,Aanderaa, DCS 3900R ,216,0-300,cm/s,K,,
018-08-06-08,146,Compass ,Honeywell, HMR3300 ,N/A,0-360,d Mag.,K,,
018-08-06-08,146,Temperature/Humidity,Rotronic, MP101A ,142057,(-)30 - (+)70,deg. C,K,,
018-08-06-08,146,Barometer,Vaisala, PTB210 ,B3040004,500 - 1100,hPa,K,,
018-08-06-08,146,Anemometer ,Gill, Windsonic ,041840,0-60,m/s,K,,
018-08-06-08,146,Conductivity,Aanderaa,3919B,696,0 - 75,mmho/cm,K,,
018-08-06-08,146,Argos,Seimac, Wildcat ,18150,N/A,N/A,K,,
018-08-06-08,146,GPS,Garmin ,16 ,N/A,N/A,N/A,K,,
018-08-06-08,146,Modem,Qualcomm, GSP 1620 ,74046B01,N/A,N/A,K,,
018-08-07-09,147,Temperature/Humidity,Rotronic, MP101A ,142057,0-100,%,K,,
018-08-07-09,147,Current Sensor ,Aanderaa, DCS 3900R ,216,0-300,cm/s,K,,
018-08-07-09,147,Compass ,Honeywell, HMR3300 ,N/A,0-360,d Mag.,K,,
018-08-07-09,147,Temperature/Humidity,Rotronic, MP101A ,142057,(-)30 - (+)70,deg. C,K,,
018-08-07-09,147,Barometer,Vaisala, PTB210 ,B3040004,500 - 1100,hPa,K,,
018-08-07-09,147,Anemometer ,Gill, Windsonic ,071338,0-60,m/s,K,,
018-08-07-09,147,Conductivity,Aanderaa,3919B,696,0 - 75,mmho/cm,K,,
018-08-07-09,147,Argos,Seimac, Wildcat ,18150,N/A,N/A,K,,
018-08-07-09,147,GPS,Garmin,16 ,N/A,N/A,N/A,K,,
018-08-07-09,147,Modem,Qualcomm, GSP 1620 ,74046B01,N/A,N/A,K,,
018-09-12-07,145,Temperature/Humidity,Rotronic, MP101A ,123720,0-100,%,K,,
018-09-12-07,145,Current Sensor ,Aanderaa,  DCS 3900R ,216,0-300,cm/s,K,,
018-09-12-07,145,Compass ,Honeywell, HMR3300 ,N/A,0-360,d Mag.,K,,
018-09-12-07,145,Temperature/Humidity,Rotronic, MP101A ,123720,(-)30 - (+)70,deg. C,K,,
018-09-12-07,145,Barometer,Vaisala, PTB210 ,B3040004,500 - 1100,hPa,K,,
018-09-12-07,145,Anemometer ,Gill, Windsonic ,41840,0-60,m/s,K,,
018-09-12-07,145,Conductivity,Aanderaa,3919B,165,0 - 75,mmho/cm,K,,
018-09-12-07,145,Argos,Seimac, Wildcat ,18150,N/A,N/A,K,,
018-09-12-07,145,GPS,Garmin ,16 ,N/A,N/A,N/A,K,,
018-09-12-07,145,Modem,Qualcomm, GSP 1620 ,74040899,N/A,N/A,K,,
019-09-07-09,149,Temperature/Humidity,Rotronic, MP101A ,60428382,0-100,%,B,,
019-09-07-09,149,Current Sensor ,Aanderaa, DCS 4100R ,374,0-300,cm/s,B,,
019-09-07-09,149,Compass ,Honeywell, HMR3300 ,N/A,0-360,d Mag.,B,,
019-09-07-09,149,Temperature/Humidity,Rotronic, MP101A ,60428382,(-)30 - (+)70,deg. C,B,,
019-09-07-09,149,Barometer,Vaisala, PTB210 ,B3040003,500 - 1100,hPa,B,,
019-09-07-09,149,Anemometer ,Gill, Windsonic ,052540,0-60,m/s,B,,
019-09-07-09,149,Conductivity,Aanderaa,3919B,165,0 - 75,mmho/cm,B,,
019-09-07-09,149,Argos,Seimac, Wildcat ,67747,N/A,N/A,B,,
019-09-07-09,149,GPS,Garmin ,16 ,N/A,N/A,N/A,B,,
019-09-07-09,149,Modem,Qualcomm, GSP 1620 ,74046B1B,N/A,N/A,B,,
019-10-27-10,150,Temperature/Humidity,Rotronic, MP101A ,133440,0-100,%,J,,
019-10-27-10,150,Current Sensor ,Aanderaa, DCS 4100R ,374,0-300,cm/s,J,,
019-10-27-10,150,Compass ,Honeywell, HMR3300 ,N/A,0-360,d Mag.,J,,
019-10-27-10,150,Temperature/Humidity,Rotronic, MP101A ,133440,(-)30 - (+)70,deg. C,J,,
019-10-27-10,150,Barometer,Vaisala, PTB210 ,E3010001,500 - 1100,hPa,J,,
019-10-27-10,150,Anemometer ,Gill, Windsonic ,52540,0-60,m/s,J,,
019-10-27-10,150,Conductivity,Aanderaa,3919B,N/A,0 - 75,mmho/cm,J,,
019-10-27-10,150,Argos,Seimac, Wildcat ,67747,N/A,N/A,J,,
019-10-27-10,150,Modem,Qualcomm, GSP 1620 ,74046B1B,N/A,N/A,J,,
020-02-09-10,151,Temperature/Humidity,Rotronic, MP101A ,60308211,0-100,%,B,,
020-02-09-10,151,Current Sensor ,Aanderaa , DCS 4100R ,382,0-300,cm/s,B,,
020-02-09-10,151,Compass ,Honeywell, HMR3300 ,N/A,0-360,d Mag.,B,,
020-02-09-10,151,Temperature/Humidity,Rotronic, MP101A ,60308211,(-)30 - (+)70,deg. C,B,,
020-02-09-10,151,Barometer,Vaisala, PTB210 ,D5050001,500 - 1100,hPa,B,,
020-02-09-10,151,Anemometer ,Gill, Windsonic ,071322,0-60,m/s,B,,
020-02-09-10,151,Conductivity,Aanderaa,3919B,163,0 - 75,mmho/cm,B,,
020-02-09-10,151,Argos,Seimac, Wildcat ,18199,N/A,N/A,B,,
020-02-09-10,151,GPS,Garmin,16 ,N/A,N/A,N/A,B,,
020-02-09-10,151,Modem,Qualcomm, GSP 1620 ,74046B0E,N/A,N/A,B,,
020-11-10-10,152,Temperature/Humidity,Rotronic, MP101A ,60533689,0-100,%,B,,
020-11-10-10,152,Current Sensor ,Aanderaa, DCS 4100R ,382,0-300,cm/s,B,,
020-11-10-10,152,Compass ,Honeywell, HMR3300 ,N/A,0-360,d Mag.,B,,
020-11-10-10,152,Temperature/Humidity,Rotronic, MP101A ,60533689,(-)30 - (+)70,deg. C,B,,
020-11-10-10,152,Barometer,Vaisala, PTB210 ,F1610014,500 - 1100,hPa,B,,
020-11-10-10,152,Anemometer ,Gill, Windsonic ,071322,0-60,m/s,B,,
020-11-10-10,152,Conductivity,Aanderaa,3919B,163,0 - 75,mmho/cm,B,,
020-11-10-10,152,Argos,Seimac, Wildcat ,18199,N/A,N/A,B,,
020-11-10-10,152,GPS,Garmin,16 ,IA4013393,N/A,N/A,B,,
020-11-10-10,152,Modem,Qualcomm, GSP 1620 ,74046B0E,N/A,N/A,B,,
225M01-05-10-10,161,Humidity,Rotronics,MP101A,137137,0-100,%,K,,
225M01-05-10-10,161,Current Sensor 1,Aanderaa, DCS 4100R ,216,0-300,cm/s,K,,
225M01-05-10-10,161,Current Sensor 2,RD Instruments,N/A,N/A,0-350,cm/s,K,,
225M01-05-10-10,161,Compass 1,RM Young,32500,CI 01655,0-360,d Mag.,K,,
225M01-05-10-10,161,Compass 2,Honeywell,HMR3300,N/A,0-360,d Mag.,K,,
225M01-05-10-10,161,Air Temperature,Rotronics,MP101A,137137,(-)30 - (+)70,deg. C,K,,
225M01-05-10-10,161,Water Temperature,Sea-Bird Electronics,MicroCAT SBE-37SI,1758,(-)5 - (+)35,Deg.C,K,,
225M01-05-10-10,161,Pitch/Roll,Honeywell,HMR3300,N/A,°¿ 60,degree,K,,
225M01-05-10-10,161,Barometer,Vaisala,PTB210,A3510001,500 - 1100,hPa,K,,
225M01-05-10-10,161,Anemometer 1,RM Young,5106,95553,0-60,m/s,K,,
225M01-05-10-10,161,Anemometer 2,Gill,Windsonic,10170026,0-60,m/s,K,,
225M01-05-10-10,161,Salinity Sensor,Sea-Bird Electronics,MicroCAT SBE-37SI,1758,0 - 70,mS/cm,K,,
225M01-05-10-10,161,GPS,Garmin,16,N/A,N/A,N/A,K,,
225M01-05-10-10,161,Inertial Motion,Crossbow,IMU440CC,601001309,N/A,N/A,K,,
225M01-05-10-10,161,Inertial Motion,MicroStrain,3DM-GX1,N/A,N/A,N/A,K,,
225M01-05-10-10,161,Nutrients,Envirotech,NAS 2E,N/A,N/A,N/A,K,,
225M01-05-10-10,161,Nutrients,Satlantic,ISUS,N/A,N/A,N/A,K,,
225M01-05-10-10,161,PAR,Biospherical,QSR-2150,N/A,N/A,N/A,K,,
225M01-05-10-10,161,Fluorometer/Turbidity,Wet Labs,FLNTUS,N/A,0 - 25,NTU,K,,
225M01-05-10-10,161,Fluorometer/Turbidity,Wet Labs,FLNTUS,N/A,.02 - 60,¶Ãg/l,K,,
225M01-10-06-08,160,Humidity,Rotronics,MP101A,137137,0 - 100,%,K,,
225M01-10-06-08,160,Current Sensor 1,Aanderaa, DCS 4100R ,232,0-300,cm/s,K,,
225M01-10-06-08,160,Current Sensor 2,RD Instruments,N/A,N/A,0-350,cm/s,K,,
225M01-10-06-08,160,Compass 1,RM Young,32500,CI01655,0-360,d Mag.,K,,
225M01-10-06-08,160,Compass 2,Honeywell,HMR3300,N/A,0-360,d Mag.,K,,
225M01-10-06-08,160,Air Temperature,Rotronics,MP101A,137137,(-)30 - (+)70,deg.C,K,,
225M01-10-06-08,160,Water Temperature,Sea-Bird Electronics,MicroCAT SBE-37SI,39749,(-)5 - (+)35,deg.C,K,,
225M01-10-06-08,160,Pitch/Roll,Honeywell,HMR3300,30993,°¿60,degree,K,,
225M01-10-06-08,160,Barometer,Vaisala,PTB210,A3510001,500-1100,hPa,K,,
225M01-10-06-08,160,Anemometer 1,RM Young,5106,85521,0-60 ,m/s,K,,
225M01-10-06-08,160,Anemometer 2,Gill,Windsonic,31308,0-60,m/s,K,,
225M01-10-06-08,160,Salinity Sensor,Sea-Bird Electronics,MicroCAT SBE-37SI,39749,0 - 70,mS/cm,K,,
225M01-10-06-08,160,GPS,Garmin,16,N/A,N/A,N/A,K,,
225M01-10-06-08,160,Inertial Motion,Crossbow,IMU400,601001309,N/A,N/A,K,,
225M01-10-06-08,160,Inertial Motion,MicroStrain,3DM-GX1,N/A,N/A,N/A,K,,
225M01-10-06-08,160,Nutrients,Envirotech,NAS 2E,N/A,N/A,N/A,K,,
225M01-10-06-08,160,Nutrients,Satlantic,ISUS,N/A,N/A,N/A,K,,
225M01-10-06-08,160,PAR,Biospherical,QSR-2150,N/A,N/A,N/A,K,,
225M01-10-06-08,160,Fluorometer/Turbidity,Wet Labs,FLNTUS,N/A,0 - 25,NTU,K,,
225M01-10-06-08,160,Fluorometer/Turbidity,Wet Labs,FLNTUS,N/A,.02 - 60,¶Ãg/l,K,,
225M02-03-31-10,159,Humidity,Rotronics,MP101A,60428388,0-100,%,N,,
225M02-03-31-10,159,Current Sensor 1,Aanderaa, DCS 4100R ,138,0-300,cm/s,N,,
225M02-03-31-10,159,Current Sensor 2,RD Instruments,N/A,N/A,0-350,cm/s,N,,
225M02-03-31-10,159,Compass 1,RM Young,32500,C101787,0-360,d Mag.,N,,
225M02-03-31-10,159,Compass 2,Honeywell,HMR3300,N/A,0-360,d Mag.,N,,
225M02-03-31-10,159,Air Temperature,Rotronics,MP101A,60428388,(-)30 - (+)70,deg. C,N,,
225M02-03-31-10,159,Water Temperature,Sea-Bird Electronics,MicroCAT SBE-37SI,1528,(-)5 - (+)35,Deg.C,N,,
225M02-03-31-10,159,Pitch/Roll,Honeywell,HMR3300,N/A,°¿ 60,degree,N,,
225M02-03-31-10,159,Barometer,Vaisala,PTB210,E0920001,500 - 1100,hPa,N,,
225M02-03-31-10,159,Anemometer 1,RM Young,5106,92971,0-60,m/s,N,,
225M02-03-31-10,159,Anemometer 2,Gill,Windsonic,9090002,0-60,m/s,N,,
225M02-03-31-10,159,Salinity Sensor,Sea-Bird Electronics,MicroCAT SBE-37SI,1528,0 - 70,mS/cm,N,,
225M02-03-31-10,159,GPS,Garmin,16,N/A,N/A,N/A,N,,
225M02-03-31-10,159,Inertial Motion,Crossbow,IMU440CC,801005408,N/A,N/A,N,,
225M02-03-31-10,159,Inertial Motion,MicroStrain,3DM-GX1,unknown,N/A,N/A,N,,
225M02-03-31-10,159,Nutrients,Envirotech,NAS 2E,N/A,N/A,N/A,N,,
225M02-03-31-10,159,Nutrients,Satlantic,ISUS,N/A,N/A,N/A,N,,
225M02-03-31-10,159,PAR,Biospherical,QSR-2150,N/A,N/A,N/A,N,,
225M02-03-31-10,159,Fluorometer/Turbidity,Wet Labs,FLNTUS,N/A,0 - 25,NTU,N,,
225M02-03-31-10,159,Fluorometer/Turbidity,Wet Labs,FLNTUS,N/A,.02 - 60,¶Ãg/l,N,,
225M02-07-17-09,158,Humidity,Rotronics,MP101A,60308211,0-100,%,N,,
225M02-07-17-09,158,Current Sensor 1,Aanderaa, DCS 4100R ,138,0-300,cm/s,N,,
225M02-07-17-09,158,Current Sensor 2,RD Instruments,N/A,N/A,0-350,cm/s,N,,
225M02-07-17-09,158,Compass 1,RM Young,32500,01787,0-360,d Mag.,N,,
225M02-07-17-09,158,Compass 2,Honeywell,HMR3300,N/A,0-360,d Mag.,N,,
225M02-07-17-09,158,Air Temperature,Rotronics,MP101A,60308211,(-)30 - (+)70,deg. C,N,,
225M02-07-17-09,158,Water Temperature,Sea-Bird Electronics,MicroCAT SBE-37SI,1528,(-)5 - (+)35,Deg.C,N,,
225M02-07-17-09,158,Pitch/Roll,Honeywell,HMR3300,N/A,°¿ 60,degree,N,,
225M02-07-17-09,158,Barometer,Vaisala,PTB210,B1050001,500 - 1100,hPa,N,,
225M02-07-17-09,158,Anemometer 1,RM Young,5106,92971,0-60,m/s,N,,
225M02-07-17-09,158,Anemometer 2,Gill,Windsonic,09090002,0-60,m/s,N,,
225M02-07-17-09,158,Salinity Sensor,Sea-Bird Electronics,MicroCAT SBE-37SI,1528,0 - 70,mS/cm,N,,
225M02-07-17-09,158,GPS,Garmin,16,N/A,N/A,N/A,N,,
225M02-07-17-09,158,Inertial Motion,Crossbow,IMU440CC,801005408,N/A,N/A,N,,
225M02-07-17-09,158,Inertial Motion,MicroStrain,3DM-GX1,unknown,N/A,N/A,N,,
225M02-07-17-09,158,Nutrients,Envirotech,NAS 2E,N/A,N/A,N/A,N,,
225M02-07-17-09,158,Nutrients,Satlantic,ISUS,N/A,N/A,N/A,N,,
225M02-07-17-09,158,PAR,Biospherical,QSR-2150,N/A,N/A,N/A,N,,
225M02-07-17-09,158,Fluorometer/Turbidity,Wet Labs,FLNTUS,N/A,0 - 25,NTU,N,,
225M02-07-17-09,158,Fluorometer/Turbidity,Wet Labs,FLNTUS,N/A,.02 - 60,¶Ãg/l,N,,
225M02-11-01-07,157,Humidity,Rotronics,MP101A,133439,0-100,%,N,,
225M02-11-01-07,157,Current Sensor 1,Aanderaa, DCS 4100R ,138,0-300,cm/s,N,,
225M02-11-01-07,157,Current Sensor 2,RD Instruments,N/A,N/A,0-350,cm/s,N,,
225M02-11-01-07,157,Compass 1,RM Young,32500,CI01148,0-360,d Mag.,N,,
225M02-11-01-07,157,Compass 2,Honeywell,HMR3300,N/A,0-360,d Mag.,N,,
225M02-11-01-07,157,Air Temperature,Rotronics,MP101A,133439,(-)30 - (+)70,deg. C,N,,
225M02-11-01-07,157,Water Temperature,Sea-Bird Electronics,MicroCAT SBE-37SI,1528,(-)5 - (+)35,Deg.C,N,,
225M02-11-01-07,157,Pitch/Roll,Honeywell,HMR3300,N/A,°¿ 60,degree,N,,
225M02-11-01-07,157,Barometer,Vaisala,PTB210,B1050001,500 - 1100,hPa,N,,
225M02-11-01-07,157,Anemometer 1,RM Young,5106,WM0071908,0-60,m/s,N,,
225M02-11-01-07,157,Anemometer 2,Gill,Windsonic,61631,0-60,m/s,N,,
225M02-11-01-07,157,Salinity Sensor,Sea-Bird Electronics,MicroCAT SBE-37SI,1528,0 - 70,mS/cm,N,,
225M02-11-01-07,157,GPS,Garmin,16,N/A,N/A,N/A,N,,
225M02-11-01-07,157,Inertial Motion,Crossbow,IMU440CC,601001306,N/A,N/A,N,,
225M02-11-01-07,157,Nutrients,Envirotech,NAS 2E,N/A,N/A,N/A,N,,
225M02-11-01-07,157,Nutrients,Satlantic,ISUS,N/A,N/A,N/A,N,,
225M02-11-01-07,157,PAR,Biospherical,QSR-2150,N/A,N/A,N/A,N,,
225M02-11-01-07,157,Fluorometer/Turbidity,Wet Labs,FLNTUS,N/A,0 - 25,NTU,N,,
225M02-11-01-07,157,Fluorometer/Turbidity,Wet Labs,FLNTUS,N/A,.02 - 60,¶Ãg/l,N,,
225M03-03-12-08,154,Humidity,Rotronics,MP101A,133441,0-100,%,V,,
225M03-03-12-08,154,Current Sensor 1,Aanderaa, DCS 4100R ,137,0-300,cm/s,V,,
225M03-03-12-08,154,Current Sensor 2,RD Instruments,N/A,N/A,0-350,cm/s,V,,
225M03-03-12-08,154,Compass 1,RM Young,32500,CI01148,0-360,d Mag.,V,,
225M03-03-12-08,154,Compass 2,Honeywell,HMR3300,N/A,0-360,d Mag.,V,,
225M03-03-12-08,154,Air Temperature,Rotronics,MP101A,133441,(-)30 - (+)70,deg. C,V,,
225M03-03-12-08,154,Water Temperature,Sea-Bird Electronics,MicroCAT SBE-37SI,5143,(-)5 - (+)35,Deg.C,V,,
225M03-03-12-08,154,Pitch/Roll,Honeywell,HMR3300,N/A,°¿ 60,degree,V,,
225M03-03-12-08,154,Barometer,Vaisala,PTB210,B1050002,500 - 1100,hPa,V,,
225M03-03-12-08,154,Anemometer 1,RM Young,5106,71908,0-60,m/s,V,,
225M03-03-12-08,154,Anemometer 2,Gill,Windsonic,61638,0-60,m/s,V,,
225M03-03-12-08,154,Salinity Sensor,Sea-Bird Electronics,MicroCAT SBE-37SI,5143,0 - 70,mS/cm,V,,
225M03-03-12-08,154,GPS,Garmin,16,N/A,N/A,N/A,V,,
225M03-03-12-08,154,Inertial Motion,Crossbow,IMU440CC,601001309,N/A,N/A,V,,
225M03-03-12-08,154,Nutrients,Envirotech,NAS 2E,N/A,N/A,N/A,V,,
225M03-03-12-08,154,Nutrients,Satlantic,ISUS,N/A,N/A,N/A,V,,
225M03-03-12-08,154,PAR,Biospherical,QSR-2150,50112,N/A,N/A,V,,
225M03-03-12-08,154,Fluorometer/Turbidity,Wet Labs,FLNTUS,N/A,0 - 25,NTU,V,,
225M03-03-12-08,154,Fluorometer/Turbidity,Wet Labs,FLNTUS,N/A,.02 - 60,¶Ãg/l,V,,
225M03-04-14-09,155,Humidity,Rotronics,MP101A,133441,0-100,%,V,,
225M03-04-14-09,155,Current Sensor 1,Aanderaa, DCS 4100R ,137,0-300,cm/s,V,,
225M03-04-14-09,155,Current Sensor 2,RD Instruments,N/A,N/A,0-350,cm/s,V,,
225M03-04-14-09,155,Compass 1,RM Young,32500,CI01148,0-360,d Mag.,V,,
225M03-04-14-09,155,Compass 2,Honeywell,HMR3300,N/A,0-360,d Mag.,V,,
225M03-04-14-09,155,Air Temperature,Rotronics,MP101A,133441,(-)30 - (+)70,deg. C,V,,
225M03-04-14-09,155,Water Temperature,Sea-Bird Electronics,MicroCAT SBE-37SI,5143,(-)5 - (+)35,Deg.C,V,,
225M03-04-14-09,155,Pitch/Roll,Honeywell,HMR3300,N/A,°¿ 60,degree,V,,
225M03-04-14-09,155,Barometer,Vaisala,PTB210,B1050002,500 - 1100,hPa,V,,
225M03-04-14-09,155,Anemometer 1,RM Young,5106,71908,0-60,m/s,V,,
225M03-04-14-09,155,Anemometer 2,Gill,Windsonic,61638,0-60,m/s,V,,
225M03-04-14-09,155,Salinity Sensor,Sea-Bird Electronics,MicroCAT SBE-37SI,5143,0 - 70,mS/cm,V,,
225M03-04-14-09,155,GPS,Garmin,16,N/A,N/A,N/A,V,,
225M03-04-14-09,155,Inertial Motion,Crossbow,IMU440CC,801000272,N/A,N/A,V,,
225M03-04-14-09,155,Inertial Motion,MicroStrain,3DM-GX1,unknown,N/A,N/A,V,,
225M03-04-14-09,155,Nutrients,Envirotech,NAS 2E,N/A,N/A,N/A,V,,
225M03-04-14-09,155,Nutrients,Satlantic,ISUS,N/A,N/A,N/A,V,,
225M03-04-14-09,155,PAR,Biospherical,QSR-2150,N/A,N/A,N/A,V,,
225M03-04-14-09,155,Fluorometer/Turbidity,Wet Labs,FLNTUS,N/A,0 - 25,NTU,V,,
225M03-04-14-09,155,Fluorometer/Turbidity,Wet Labs,FLNTUS,N/A,.02 - 60,¶Ãg/l,V,,
225M03-07-17-09,156,Humidity,Rotronics,MP101A,155958,0-100,%,V,,
225M03-07-17-09,156,Current Sensor 1,Aanderaa, DCS 4100R ,137,0-300,cm/s,V,,
225M03-07-17-09,156,Current Sensor 2,RD Instruments,N/A,N/A,0-350,cm/s,V,,
225M03-07-17-09,156,Compass 1,RM Young,32500,CI01788,0-360,d Mag.,V,,
225M03-07-17-09,156,Compass 2,Honeywell,HMR3300,N/A,0-360,d Mag.,V,,
225M03-07-17-09,156,Air Temperature,Rotronics,MP101A,155958,(-)30 - (+)70,deg. C,V,,
225M03-07-17-09,156,Water Temperature,Sea-Bird Electronics,MicroCAT SBE-37SI,5143,(-)5 - (+)35,Deg.C,V,,
225M03-07-17-09,156,Pitch/Roll,Honeywell,HMR3300,N/A,°¿ 60,degree,V,,
225M03-07-17-09,156,Barometer,Vaisala,PTB210,B1050002,500 - 1100,hPa,V,,
225M03-07-17-09,156,Anemometer 1,RM Young,5106,92972,0-60,m/s,V,,
225M03-07-17-09,156,Anemometer 2,Gill,Windsonic,9090003,0-60,m/s,V,,
225M03-07-17-09,156,Salinity Sensor,Sea-Bird Electronics,MicroCAT SBE-37SI,5143,0 - 70,mS/cm,V,,
225M03-07-17-09,156,GPS,Garmin,16,N/A,N/A,N/A,V,,
225M03-07-17-09,156,Inertial Motion,Crossbow,IMU440CC,801000272,N/A,N/A,V,,
225M03-07-17-09,156,Inertial Motion,MicroStrain,3DM-GX1,unknown,N/A,N/A,V,,
225M03-07-17-09,156,Nutrients,Envirotech,NAS 2E,N/A,N/A,N/A,V,,
225M03-07-17-09,156,Nutrients,Satlantic,ISUS,N/A,N/A,N/A,V,,
225M03-07-17-09,156,PAR,Biospherical,QSR-2150,N/A,N/A,N/A,V,,
225M03-07-17-09,156,Fluorometer/Turbidity,Wet Labs,FLNTUS,N/A,0 - 25,NTU,V,,
225M03-07-17-09,156,Fluorometer/Turbidity,Wet Labs,FLNTUS,N/A,.02 - 60,¶Ãg/l,V,,
225M03-11-01-07,153,Humidity,Rotronics,MP101A,133441,0-100,%,V,,
225M03-11-01-07,153,Current Sensor 1,Aanderaa, DCS 4100R ,137,0-300,cm/s,V,,
225M03-11-01-07,153,Current Sensor 2,RD Instruments,N/A,N/A,0-350,cm/s,V,,
225M03-11-01-07,153,Compass 1,RM Young,32500,CI01788,0-360,d Mag.,V,,
225M03-11-01-07,153,Compass 2,Honeywell,HMR3300,N/A,0-360,d Mag.,V,,
225M03-11-01-07,153,Air Temperature,Rotronics,MP101A,133441,(-)30 - (+)70,deg. C,V,,
225M03-11-01-07,153,Water Temperature,Sea-Bird Electronics,MicroCAT SBE-37SI,5143,(-)5 - (+)35,Deg.C,V,,
225M03-11-01-07,153,Pitch/Roll,Honeywell,HMR3300,N/A,°¿ 60,degree,V,,
225M03-11-01-07,153,Barometer,Vaisala,PTB210,B1050002,500 - 1100,hPa,V,,
225M03-11-01-07,153,Anemometer 1,RM Young,5106,WM0071909,0-60,m/s,V,,
225M03-11-01-07,153,Anemometer 2,Gill,Windsonic,61638,0-60,m/s,V,,
225M03-11-01-07,153,Salinity Sensor,Sea-Bird Electronics,MicroCAT SBE-37SI,5143,0 - 70,mS/cm,V,,
225M03-11-01-07,153,GPS,Garmin,16,N/A,N/A,N/A,V,,
225M03-11-01-07,153,Inertial Motion,Crossbow,IMU440CC,601001309,N/A,N/A,V,,
225M03-11-01-07,153,Nutrients,Envirotech,NAS 2E,N/A,N/A,N/A,V,,
225M03-11-01-07,153,Nutrients,Satlantic,ISUS,N/A,N/A,N/A,V,,
225M03-11-01-07,153,PAR,Biospherical,QSR-2150,50112,N/A,N/A,V,,
225M03-11-01-07,153,Fluorometer/Turbidity,Wet Labs,FLNTUS,N/A,0 - 25,NTU,V,,
225M03-11-01-07,153,Fluorometer/Turbidity,Wet Labs,FLNTUS,N/A,.02 - 60,¶Ãg/l,V,,
40014-02-20-07,30,Current Sensor,Aanderaa,DCS 4100R,133,0 - 300,cm/sec,D,,
40014-02-20-07,30,Modem,Qualcomm,GSP 1620,7403F4F8,N/A,N/A,D,,
40014-04-09-10,33,Current Sensor,Aanderaa, DCS 4100R,133,0-300,cm/s,R,,
40014-04-09-10,33,Modem,Qualcomm,Gobalstar,74046B0D,N/A,N/A,R,,
40014-04-19-02,23,Current Sensor,Aanderaa,DCS 3900R,42,0 - 300,cm/sec,D,,
40014-05-05-06,29,Current Sensor,Aanderaa,DCS 3900R,289,0 - 300,cm/sec,R,,
40014-05-05-06,29,Modem,Qualcomm,GSP 1620,7403F4F8,N/A,N/A,R,,
40014-07-15-08,31,Current Sensor,Aanderaa,DCS 4100R,133,0 - 300,cm/sec,R,,
40014-07-15-08,31,Modem,Qualcomm,GSP 1620,7403F4F8,N/A,N/A,R,,
40014-07-16-09,32,Current Sensor,Aanderaa,DCS 4100R,133,0 - 300,cm/sec,D,,
40014-07-16-09,32,Modem,Qualcomm,GSP 1620,74046B0D,N/A,N/A,D,,
40014-07-19-05,27,Current Sensor,Aanderaa,  DCS 3900R,289,0 - 300,cm/sec,R,,
40014-07-19-05,27,Modem,Qualcomm,GSP 1620,7403F4FA,N/A,N/A,R,,
40014-09-07-04,25,Current Sensor,Aanderaa,DCS 3900R,289,0 - 300,cm/sec,D,,
40014-09-07-04,25,Modem,Qualcomm,GSP 1620,7403F4FA,N/A,N/A,D,,
40014-10-16-03,24,Current Sensor,Aanderaa,DCS 3900R,42,0 - 300,cm/sec,W,,
40014-10-16-03,24,Modem,LinkQuest,Cell Link,DF63617A,N/A,N/A,W,,
40014-10-19-05,28,Current Sensor,Aanderaa,DCS 3900R,289,0 - 300,cm/sec,R,,
40014-10-19-05,28,Modem,Qualcomm,GSP 1620,7403F4FA,N/A,N/A,R,,
40014-10-28-04,26,Current Sensor,Aanderaa,DCS 3900R,289,0 - 300,cm/sec,R,,
40014-10-28-04,26,Modem,Qualcomm,GSP 1620,7403F4FA,N/A,N/A,R,,
40015-01-13-99,1,Compass,KVH Industries,C100-LP,4070126,N/A,N/A,R,,
40015-01-13-99,1,Sensor ,unknown,MMI,B - 1539,N/A,N/A,R,,
40015-01-13-99,1,Tilt Sensor,unknown,unknown,4263007,N/A,N/A,R,,
40016-01-08-07,44,Current Sensor,Aanderaa,DCS 3900R,69,0 - 300,cm/sec,F,,
40016-01-08-07,44,Modem,Qualcomm,GSP 1620,74046B25,N/A,N/A,F,,
40016-01-25-08,45,Current Sensor,Aanderaa,DCS 4100R,69,0-300,cm/s,D,,
40016-01-25-08,45,Modem,Qualcomm,GSP 1620,7403F4EF,N/A,N/A,D,,
40016-01-25-10,47,Current Sensor,Aanderaa,DCS 3900R,112,0 - 300,cm/sec,W,,
40016-01-25-10,47,Modem,Qualcomm,GSP 1620,7403F4EF,N/A,N/A,W,,
40016-01-26-11,165,Current Sensor,Aanderaa,DCS 4100R,112,0-350,cm/s,W,,
40016-01-26-11,165,Modem,Qualcomm,GSP 1620,7403F4EF,0 - 350 ,cm/sec,W,,
40016-01-26-11,165,Water Temperature,Sea-Bird Electronics,MicroCAT SBE-37SI,8059,(-)5 - (+)35,Deg.C,W,,
40016-01-26-11,165,Salinity Sensor,Sea-Bird Electronics,MicroCAT SBE-37SI,8059,0 - 70,mS/cm,W,,
40016-03-21-02,40,Current Sensor,Aanderaa,DCS 3900R,20,0 - 300,cm/sec,F,,
40016-03-23-09,46,Current Sensor,Aanderaa,DCS 3900R,69,0 - 300,cm/sec,F,,
40016-03-23-09,46,Modem,Qualcomm,GSP 1620,7403F4EF,N/A,N/A,F,,
40016-04-20-10,48,Current Sensor,Aanderaa,DCS 3900R,112,0 - 300,cm/sec,D,,
40016-04-20-10,48,Modem,Qualcomm,GSP 1620,7403F4EF,N/A,N/A,D,,
40016-09-02-03,41,Current Sensor,Aanderaa,DCS 3900R,278,0 - 300,cm/sec,D,,
40016-09-02-03,41,Modem,Qualcomm,GPS 1620,74023EC3,N/A,N/A,D,,
40016-09-24-04,42,Current Sensor,Aanderaa,DCS 3900R,280,0 - 300,cm/sec,W,,
40016-09-24-04,42,Modem,Qualcomm,GPS 1620,7403F4F5,N/A,N/A,W,,
40016-12-01-05,43,Current Sensor,Aanderaa,DCS 3900R,69,0 - 300,cm/sec,F,,
40016-12-01-05,43,Modem,Qualcomm,GSP 1620,7403F4FA,N/A,N/A,F,,
40018-05-10-05,37,Current Sensor,Aanderaa,DCS 3900R,16,0 - 300,cm/sec,W,,
40018-05-10-05,37,Modem,Qualcomm,GSP 1620,74023EC3,N/A,N/A,W,,
40018-09-24-02,34,Current Sensor,Aanderaa,DCS 3900R,178,0 - 300,cm/sec,F,,
40018-10-03-03,35,Current Sensor,Aanderaa,DCS 3900R,280,0 - 300,cm/sec,W,,
40018-12-17-02,36,Current Sensor,Aanderaa,DCS 3900R,176,0 - 300,cm/sec,W,,
40018-12-20-05,38,Current Sensor,Aanderaa,DCS 4100R,64,0 - 300,cm/sec,F,,
40018-12-20-05,38,Modem,Qualcomm,GPS 1620,740240FE,N/A,N/A,F,,
40018-12-21-06,39,Current Sensor,Aanderaa,DCS 4100R,64,0 - 300,cm/sec,D,,
40018-12-21-06,39,Modem,Qualcomm,GPS 1620,74046B11,N/A,N/A,D,,
50039-02-08-06,61,Current Sensor,Aanderaa,DCS 3900R,280,0 - 300,cm/sec,R,,
50039-02-08-06,61,Modem,Qualcomm,GSP 1620,74023EC3,N/A,N/A,R,,
50039-02-08-10,67,Current Sensor,Aanderaa,DCS 4100R,126,0-300,cm/s,D,,
50039-02-08-10,67,Modem,Qualcomm,Gobalstar,74023EC3,N/A,N/A,D,,
50039-02-12-04,58,Current Sensor,Aanderaa,DCS 3900R,17,0 - 300,cm/sec,F,,
50039-02-12-04,58,Modem,Motorola,AT,DF583021,N/A,N/A,F,,
50039-02-22-07,63,Current Sensor,Aanderaa,DCS 4100R,126,0 - 300,cm/sec,J,,
50039-02-22-07,63,Modem,Qualcomm,GSP 1620,74023EC3,N/A,N/A,J,,
50039-04-06-09,66,Current Sensor,Aanderaa,DCS 4100R,126,0 - 300,cm/sec,R,,
50039-04-06-09,66,Modem,Qualcomm,GSP 1620,74023EC3,N/A,N/A,R,,
50039-04-13-05,59,Current Sensor,Aanderaa,DCS 3900R,16,0 - 300,cm/sec,missing,,
50039-04-13-05,59,Modem,Qualcomm,GSP 1620,74023EC3,N/A,N/A,missing,,
50039-05-04-07,64,Current Sensor,Aanderaa,DCS 4100R,126,0-300,cm/s,F,,
50039-05-04-07,64,Modem,Qualcomm,GSP 1620,74023EC3,N/A,N/A,F,,
50039-08-01-06,62,Current Sensor,Aanderaa,DCS 4100R,126,0 - 300,cm/sec,J,,
50039-08-01-06,62,Modem,Qualcomm,GSP 1620,74023EC3,N/A,N/A,J,,
50039-09-12-05,60,Current Sensor,Aanderaa,DCS 3900R,280,0 - 300,cm/sec,W,,
50039-09-12-05,60,Modem,Qualcomm,GSP 1620,74023EC3,N/A,N/A,W,,
50039-09-27-02,57,Current Sensor,Aanderaa,DCS 3900R,17,0 - 300,cm/sec,R,,
50039-09-27-02,57,Modem,Qualcomm,GSP 1620,DF583021,N/A,N/A,R,,
50039-10-02-08,65,Current Sensor,Aanderaa,DCS 4100R,126,0 - 300,cm/sec,W,,
50039-10-02-08,65,Modem,Qualcomm,GSP 1620,7402EC3,N/A,N/A,W,,
50039-11-01-10,68,Current Sensor,Aanderaa, DCS 4100R,126,0-300,cm/s,R,,
50039-11-01-10,68,Temperature/Conductivity,Sea-Bird Electronics,MicroCAT SBE-37-SI ,8057,(-)5 - (+)35,Deg.C,R,,
50039-11-01-10,68,Temperature/Conductivity,Sea-Bird Electronics,MicroCAT SBE-37-SI ,8057,0 - 70,mS/cm,R,,
50039-11-01-10,68,Modem,Qualcomm,Gobalstar,74023EC3,N/A,N/A,R,,
50040-01-26-04,49,Current Sensor,Aanderaa,DCS 3900R,16,0 - 300,cm/sec,missing,,
50040-01-26-04,49,Modem,Motorola,AT,unknown,N/A,N/A,missing,,
50040-03-15-04,50,Current Sensor,Aanderaa,DCS 3900R,178,0 - 300,cm/sec,D,,
50040-03-15-04,50,Modem,Qualcomm,GSP 1620,7402408D,N/A,N/A,D,,
50040-04-07-10,56,Current Sensor,Aanderaa,DCS 4100R,65,0-300,cm/s,F,,
50040-04-07-10,56,Modem,Qualcomm,Gobalstar,74046B08,N/A,N/A,F,,
50040-04-11-07,53,Current Sensor,Aanderaa, DCS 4100R,65,0-300,cm/s,D,,
50040-04-11-07,53,Modem,Qualcomm,GSP 1620,7403F4F5,N/A,N/A,D,,
50040-05-25-11,164,Current Sensor,Aanderaa,DCS 4100R,65,0-350,cm/s,D,,
50040-05-25-11,164,Modem,Qualcomm,GSP 1620,74022F95,0 - 350 ,cm/sec,D,,
50040-05-25-11,164,Water Temperature,Sea-Bird Electronics,MicroCAT SBE-37SI,8054,(-)5 - (+)35,Deg.C,D,,
50040-05-25-11,164,Salinity Sensor,Sea-Bird Electronics,MicroCAT SBE-37SI,8054,0 - 70,mS/cm,D,,
50040-05-28-09,55,Current Sensor,Aanderaa,DCS 4100R,65,0-300,cm/s,W,,
50040-05-28-09,55,Modem,Qualcomm,GSP 1620,74046B08,N/A,N/A,W,,
50040-07-15-08,54,Current Sensor,Aanderaa, DCS 4100R,64,0-300,cm/s,F,,
50040-07-15-08,54,Modem,Qualcomm,GSP 1620,7403F4F5,N/A,N/A,F,,
50040-07-15-08,54,Modem,Qualcomm,GSP 1621,74046B08,N/A,N/A,F,,
50040-10-06-06,52,Current Sensor,Aanderaa,DCS 4100R,64,0-300,cm/s,F,,
50040-10-06-06,52,Modem,Qualcomm,Globalstar,740408DB,N/A,N/A,F,,
50040-10-08-04,51,Current Sensor,Aanderaa,DCS 3900R,362,0 - 300,cm/sec,D,,
50040-10-08-04,51,Modem,Qualcomm,GSP 1620,7403F4FE,N/A,N/A,D,,
80085-02-13-03,78,Current Sensor,Aanderaa,DCS 3900R,173,0 - 300,cm/sec,R,,
80085-03-11-04,79,Current Sensor,Aanderaa,DCS 3900R,173,0 - 300,cm/sec,D,,
80085-03-11-04,79,Modem ,Qualcomm,GSP 1620,740240FE,N/A,N/A,D,,
80085-04-22-08,84,Current Sensor,Aanderaa,DCS 3900R,362,0 - 300,cm/sec,J,,
80085-04-22-08,84,Modem,Qualcomm,GSP 1620,740240FE,N/A,N/A,J,,
80085-06-07-05,81,Current Sensor,Anderaa,DCS 3900R,362,0 - 300,cm/sec,V,,
80085-06-07-05,81,Modem ,Qualcomm,GSP 1620,7403F4FE,N/A,N/A,V,,
80085-07-17-02,76,Current Sensor,Aanderaa ,DCS 3900R,72,0 - 300,cm/sec,W,,
80085-07-27-04,80,Current Sensor,Aanderaa,DCS 3900R,173,0 - 300,cm/sec,J,,
80085-07-27-04,80,Modem,Qualcomm,Global Star,740240FE,N/A,N/A,J,,
80085-08-24-09,86,Current Sensor,Aanderaa, DCS 4100R,233,0-300,cm/s,F,,
80085-08-24-09,86,Modem ,Qualcomm,GSP 1620,74046B22,N/A,N/A,F,,
80085-08-27-10,87,Current Sensor,Aanderaa,DCS 4100R,233,0-300,cm/s,D,,
80085-08-27-10,87,Modem,Qualcomm,GSP 1620,74046B58,0 - 350 ,cm/sec,D,,
80085-08-31-06,83,Current Sensor,Aanderaa,DCS 3900R,362,0 - 300,cm/sec,J,,
80085-08-31-06,83,Modem,Qualcomm,GSP 1620,740240FE,N/A,N/A,J,,
80085-10-05-05,82,Current Sensor,Aanderaa,DCS 3900R,362,0 - 300,cm/sec,R,,
80085-10-05-05,82,Modem ,Qualcomm,GSP 1620,7402408D,N/A,N/A,R,,
80085-10-27-08,85,Current Sensor,Aanderaa,DCS 4100R,233,0-300,cm/s,missing,,
80085-10-27-08,85,Modem ,Qualcomm,GSP 1620,74046B22,N/A,N/A,missing,,
80085-11-15-02,77,Current Sensor,Aanderaa ,DCS 3900R,173,0 - 300,cm/sec,D,,
80086-01-05-07,72,Current Sensor,Aanderaa,DCS 4100R,66,0-300,cm/s,W,,
80086-01-05-07,72,Modem,Qualcomm,GSP 1620,74046B2C,N/A,N/A,W,,
80086-02-01-08,73,Current Sensor,Aanderaa,DCS 4100R,66,0-300,cm/s,W,,
80086-02-01-08,73,Modem,Qualcomm,Gobalstar,74046B2C,N/A,N/A,W,,
80086-02-21-02,69,Current Sensor,Aanderaa,DCS 3900R,16,0 - 300,cm/sec,R,,
80086-02-21-02,69,Modem,Qualcomm,GSP 1620,74023FC3,N/A,N/A,R,,
80086-04-19-04,71,Current Sensor,Aanderaa,DCS 4100R,16,0-300,cm/s,P,,
80086-04-19-04,71,Modem,Qualcomm,GSP 1620,74023EC3,N/A,N/A,P,,
80086-09-04-09,75,Current Sensor,Aanderaa,DCS 4100R,66,0-300,cm/s,R,,
80086-09-04-09,75,Modem,Qualcomm,Gobalstar,74046B58,N/A,N/A,R,,
80086-10-15-02,70,Current Sensor,Aanderaa ,DCS 3900R,16,0 - 300,cm/sec,R,,
80086-10-23-08,74,Current Sensor,Aanderaa,DCS 4100R,66,0-300,cm/s,missing,,
80086-10-23-08,74,Modem,Qualcomm,Gobalstar,74046B58,N/A,N/A,missing,,
,,,,,,,,,,
,,,,,,,,,,
,,,,,,,,,,
,,,,,,,,,,
,,,,,,,,,,
,,,,,,,,,,
,,,,,,,,,,
,,,,,,,,,,
,,,,,,,,,,
,,,,,,,,,,
,,,,,,,,,,
,,,,,,,,,,
,,,,,,,,,,
,,,,,,,,,,
,,,,,,,,,,
,,,,,,,,,,
,,,,,,,,,,
,,,,,,,,,,
,,,,,,,,,,
,,,,,,,,,,
,,,,,,,,,,
,,,,,,,,,,
,,,,,,,,,,
,,,,,,,,,,
,,,,,,,,,,
,,,,,,,,,,
,,,,,,,,,,
,,,,,,,,,,
,,,,,,,,,,
,,,,,,,,,,
,,,,,,,,,,
,,,,,,,,,,
,,,,,,,,,,
,,,,,,,,,,
,,,,,,,,,,
,,,,,,,,,,
,,,,,,,,,,
,,,,,,,,,,
,,,,,,,,,,
,,,,,,,,,,
,,,,,,,,,,
,,,,,,,,,,
,,,,,,,,,,
,,,,,,,,,,
,,,,,,,,,,
,,,,,,,,,,
,,,,,,,,,,
,,,,,,,,,,
,,,,,,,,,,
,,,,,,,,,,
,,,,,,,,,,
,,,,,,,,,,
,,,,,,,,,,
,,,,,,,,,,
,,,,,,,,,,
,,,,,,,,,,
,,,,,,,,,,
,,,,,,,,,,
,,,,,,,,,,
,,,,,,,,,,
,,,,,,,,,,
,,,,,,,,,,
,,,,,,,,,,
,,,,,,,,,,
,,,,,,,,,,
,,,,,,,,,,
,,,,,,,,,,
,,,,,,,,,,
,,,,,,,,,,
,,,,,,,,,,
,,,,,,,,,,
,,,,,,,,,,
,,,,,,,,,,
,,,,,,,,,,
,,,,,,,,,,
,,,,,,,,,,
,,,,,,,,,,
,,,,,,,,,,
,,,,,,,,,,
,,,,,,,,,,
,,,,,,,,,,
,,,,,,,,,,
,,,,,,,,,,
,,,,,,,,,,
,,,,,,,,,,
,,,,,,,,,,
,,,,,,,,,,
,,,,,,,,,,
,,,,,,,,,,
,,,,,,,,,,
,,,,,,,,,,
,,,,,,,,,,
,,,,,,,,,,
,,,,,,,,,,
,,,,,,,,,,
,,,,,,,,,,
,,,,,,,,,,
,,,,,,,,,,
,,,,,,,,,,
,,,,,,,,,,
,,,,,,,,,,
,,,,,,,,,,
,,,,,,,,,,
,,,,,,,,,,
,,,,,,,,,,
,,,,,,,,,,
,,,,,,,,,,
,,,,,,,,,,
,,,,,,,,,,
,,,,,,,,,,
,,,,,,,,,,
,,,,,,,,,,
,,,,,,,,,,
,,,,,,,,,,
,,,,,,,,,,
,,,,,,,,,,
,,,,,,,,,,
,,,,,,,,,,
,,,,,,,,,,
,,,,,,,,,,
,,,,,,,,,,
,,,,,,,,,,
,,,,,,,,,,
,,,,,,,,,,
,,,,,,,,,,
,,,,,,,,,,
,,,,,,,,,,
,,,,,,,,,,
,,,,,,,,,,
,,,,,,,,,,
,,,,,,,,,,
,,,,,,,,,,
,,,,,,,,,,
,,,,,,,,,,
,,,,,,,,,,
,,,,,,,,,,
,,,,,,,,,,
,,,,,,,,,,
,,,,,,,,,,
,,,,,,,,,,
,,,,,,,,,,
,,,,,,,,,,
,,,,,,,,,,
,,,,,,,,,,
,,,,,,,,,,
,,,,,,,,,,
,,,,,,,,,,
,,,,,,,,,,
,,,,,,,,,,
,,,,,,,,,,
,,,,,,,,,,
,,,,,,,,,,
,,,,,,,,,,
,,,,,,,,,,
,,,,,,,,,,
,,,,,,,,,,
,,,,,,,,,,
,,,,,,,,,,
,,,,,,,,,,
,,,,,,,,,,
,,,,,,,,,,
,,,,,,,,,,
,,,,,,,,,,
,,,,,,,,,,
