File_Number,checkout,Site,Seapac_SN, Current_Sensor_SN,Current_Sensor,Modem_Type,Deployment_Ship,Dep-date-time,Recovery date-time,Recovery_Ship,Deployed_Days,inclination,Comments,
40015-01-13-99,1,R,40015,,B-1539,Motorola,R/V Gyre,1999-02-28 00-00-00,1999-08-15 00-00-00,R/V Gyre,168,,,
0109-11-01-02,2,W,109,31,DCS/31,Motorola,R/V Longhorn,2002-11-21 00-00-00,2003-01-31 00-00-00,R/V Gyre,71,,,
0109-02-13-03,3,F,109,31,DCS/31,Motorola,R/V Longhorn,2003-07-20 00-00-00,2004-02-24 00-00-00,R/V Gyre,219,,,
0109-05-03-04,4,W,109,278,DCS3900R,Globalstar,R/V Longhorn,2004-09-29 12-30-00,2005-05-18 00-00-00,R/V Longhorn,22,3.37,Wireless_communication_of_data,
0109-10-26-04,5,B,109,278,DCS352,Globalstar,R/V Gyre,2005-01-10 00-30-00,2005-02-08 00-00-00,R/V Gyre,29,4.23,-,
0109-02-23-06,6,W,109,112,DCS3900R,Globalstar,R/V Longhorn,2006-04-11 22-30-00,2006-08-25 10-30-00,R/V Longhorn,136,3.37,,
0109-10-02-06,7,R,109,112,DCS3900,Globalstar,R/V Ferrel,2007-02-12 21-30-00,2007-11-14 04-00-00,R/V Brooks McCall,274,3.43,-,
0111-05-03-02,8,W,111,73,DCS/73,Motorola,R/V Longhorn,2002-05-15 00-00-00,2002-07-26 00-00-00,R/V Longhorn,72,,,
0111-07-03-03,9,D,111,31,DCS-31,Globalstar,R/V Longhorn,2003-07-22 00-00-00,2003-09-08 00-00-00,R/V Gyre,48,5.33,-,
0111-01-15-04,10,R,111,289,DCS/289,Motorola,R/V Gyre,2004-02-24 00-00-00,2004-03-21 00-00-00,R/V Gyre,26,,,
0111-04-13-04,11,R,111,271,DCS3900,Globalstar,R/V Gyre,2004-07-22 19-00-00,2005-02-10 00-00-00,R/V Gyre,201,3.43,-,
0111-02-14-05,12,D,111,276,DCS-278,Globalstar,R/V Gyre,2005-05-18 06-30-00,2005-10-09 00-00-00,R/V Longhorn,144,5.33,-,
0111-10-18-05,13,W,111,67,DCS3900R,Globalstar,R/V Gyre,2006-02-03 14-00-00,1900-01-00 17-30-00,R/V Longhorn,68,3.37,Went_adrift_on_04/09/2006.,
0111-04-20-06,14,D,111,67,DCS/67,Globalstar,R/V Longhorn,2006-06-15 02-30-00,2007-03-07 18-00-00,R/V Ferrel,269,5.33,-,
0111-03-26-07,15,W,111,67,DCS3900R,Globalstar,R/V Brooks McCall,2007-12-05 04-00-00,2007-12-07 18-30-00,R/V Brooks McCall,3,3.37,,
0110-07-02-02,16,R,110,19,DCS/19,Motorola,R/V Gyre,2002-07-13 00-00-00,2002-11-10 00-00-00,R/V Gyre,120,,,
0110-07-24-03,17,W,110,93,DCS3900R,Motorola,R/V Gyre,2003-09-08 00-00-00,2003-10-27 23-30-00,R/V Gyre,49,3.37,Wireless_communication_of_data,
0110-10-05-05,18,D,110,271,DCS/271,Globalstar,R/V Longhorn,2005-10-13 00-30-00,2006-06-15 00-30-00,R/V Longhorn,244,5.33,-,
0110-07-27-06,19,W,110,63,DCS3900R,Globalstar,R/V Longhorn,2006-08-26 03-30-00,2007-03-09 00-00-00,R/V Ferrel,197,3.37,,
0110-04-18-07,20,R,110,63,DCS3900,Globalstar,R/V Brooks McCall,2007-11-14 04-30-00,2008-10-08 00-00-00,R/V Brooks McCall,330,3.43,-,
0110-11-13-08,21,D,110,63,DCS/63,Globalstar,R/V Brooks McCall,2009-01-23 13-30-00,2009-08-14 12-00-00,R/V Ferrel,203,5.33,-,
0110-08-03-10,22,W,110,,DCS/63,Globalstar,DSV Gulf Freedom,2010-10-15 00-00-00,2011-05-09 00-00-00,R/V Ferrel,206,,,
40014-04-19-02,23,D,40014,42,DCS-42,Motorola,R/V Longhorn,2002-05-15 00-00-00,2002-11-21 00-00-00,R/V Longhorn,190,5.33,-,
40014-10-16-03,24,W,40014,42,DCS3900R,Motorola,R/V Gyre,2003-10-28 00-00-00,2004-02-22 19-00-00,R/V Longhorn,255,3.37,Wireless_communication_of_data,
40014-09-07-04,25,D,40014,389,DCS-278,Globalstar,R/V Longhorn,2004-09-29 07-30-00,2005-05-18 00-00-00,R/V Longhorn,24,5.33,-,
40014-10-28-04,26,R,40014,289,DCS3900,Globalstar,R/V Gyre,2005-02-10 00-00-00,2005-07-11 09-00-00,R/V Gyre,151,3.43,-,
40014-07-19-05,27,R,40014,289,DCS3900,Globalstar,R/V Gyre,2005-08-24 00-30-00,2005-10-09 00-00-00,R/V Longhorn,46,3.43,-,
40014-05-05-06,29,R,40014,289,DCS3900,Globalstar,R/V Longhorn,2006-06-16 07-30-00,2006-10-03 04-00-00,R/V Ferrel,241,3.43,-,
40014-07-15-08,31,R,40014,133,DCS3900,Globalstar,R/V Ferrel,2008-09-25 06-30-00,2009-06-19 04-30-00,R/V Ferrel,267,3.43,-,
40014-07-16-09,32,D,40014,133,DCS/133,Globalstar,R/V Ferrel,2009-08-14 12-30-00,2010-03-25 01-00-00,R/V Brooks McCall,223,5.33,-,
40014-04-09-10,33,R,40014,133,DCS3900,Globalstar,DSV Gulf Freedom,2010-08-18 23-59-59,2010-12-31 00-00-00,R/V Ferrel,264,3.43,-,
40018-09-24-02,34,W,40018,178,DCS/178,Motorola,R/V Gyre,2002-11-07 00-00-00,2002-11-21 00-00-00,R/V Gyre,14,,,
40018-12-17-02,35,W,40018,178,DCS/178,Motorola,R/V Gyre,2003-01-31 00-00-00,2003-09-08 00-00-00,R/V Gyre,220,,,
40018-10-03-03,36,W,40018,280,DCS3900R,Motorola,R/V Gyre,2004-02-22 19-00-00,2004-09-29 12-00-00,R/V Longhorn,220,3.37,Wireless_communication_of_data,
40018-05-10-05,37,W,40018,16,DCS3900R,Globalstar,R/V Gyre,2005-05-18 00-30-00,2005-08-14 00-00-00,R/V Longhorn,87,3.37,Wireless_communication_of_data,
40018-12-20-05,38,F,40018,64,DCS3900,Globalstar,R/V Gyre,2006-02-21 18-30-00,2006-08-25 12-30-00,R/V Longhorn,186,3.83,-,
40018-12-21-06,39,D,40018,64,DCS/64,Globalstar,R/V Brooks McCall,2008-10-09 19-30-00,2009-01-02 00-00-00,Truck,84,5.33,-,
40016-03-21-02,40,F,40016,20,DCS3900,Motorola,R/V Gyre,2002-04-17 00-00-00,2002-09-11 00-00-00,R/V Gyre,206,3.83,-,
40016-09-02-03,41,D,40016,278,DCS-278,Globalstar,R/V Gyre,2003-09-08 00-00-00,2004-03-19 00-30-00,R/V Gyre,192,5.33,-,
40016-09-24-04,42,W,40016,280,DCS/280,Globalstar,R/V Longhorn,2004-10-21 00-00-00,2005-05-18 00-00-00,R/V Gyre,209,,,
40016-12-01-05,43,J,40016,69,DCS3900,Globalstar,R/V Gyre,2006-02-05 01-00-00,2006-09-14 03-30-00,R/V Longhorn,222,5.48,-,
40016-01-08-07,44,F,40016,69,DCS3900,Globalstar,R/V Ferrel,2007-03-10 02-00-00,2007-11-14 20-00-00,R/V Brooks McCall,249,3.83,-,
40016-01-25-08,45,D,40016,69,DCS/69,Globalstar,DSV Gulf Freedom,2008-07-08 13-30-00,2008-10-09 18-30-00,R/V Brooks McCall,93,5.33,-,
40016-03-23-09,46,F,40016,69,DCS3900,Globalstar,R/V Ferrel,2009-06-19 03-00-00,2009-11-19 02-00-00,R/V Ferrel,154,3.83,-,
40016-01-25-10,47,D,40016,69,DCS/69,Globalstar,R/V Brooks McCall,2010-03-25 05-00-00,2010-04-12 12-00-00,Truck,16,5.33,-,
50040-03-15-04,49,D,50040,178,DCS3900,Globalstar,R/V Gyre,2004-03-19 05-30-00,2004-09-29 07-00-00,R/V Longhorn,194,5.33,-,
50040-10-08-04,51,D,50040,362,DCS/362,Globalstar,R/V Longhorn,2004-10-22 00-00-00,2005-05-18 00-00-00,R/V Gyre,208,,,
50040-10-06-06,52,F,50040,64,DCS3900,Globalstar,R/V Ferrel,2007-02-12 05-00-00,2007-03-10 01-30-00,R/V Ferrel,27,3.83,-,
50040-04-11-07,53,D,50040,64,DCS4100R,Globalstar,R/V Brooks McCall,2007-12-07 04-30-00,2008-07-08 13-00-00,DSV Gulf Freedom,215,5.33,-,
50040-07-15-08,54,F,50040,64,DCS4100R,Globalstar,R/V Ferrel,2008-09-28 00-00-00,2009-05-26 00-00-00,Truck,240,,,
50040-05-28-09,55,W,50040,64,DCS4100R/64,Globalstar,R/V Ferrel,2009-08-14 20-00-00,2010-03-24 22-30-00,R/V Brooks McCall,223,3.37,-,
50040-04-07-10,56,F,50040,65,DCS4100R/65,Globalstar,DSV Gulf Freedom,2010-08-20 00-00-00,2011-05-07 00-00-00,R/V Ferrel,260,,,
50039-09-27-02,57,F,50039,17,DCS/17,Motorola,R/V Gyre,2002-11-09 00-00-00,2003-07-20 00-00-00,R/V Longhorn,253,,,
50039-02-12-04,58,R,50039,289,DCS3900,Motorola,R/V Gyre,2004-03-21 12-30-00,2004-07-22 18-00-00,R/V Gyre,123,3.43,-,
50039-09-12-05,60,W,50039,280,DCS/280,Globalstar,R/V Longhorn,2005-09-17 00-00-00,2006-02-03 00-00-00,R/V Gyre,139,,,
50039-02-08-06,61,R,50039,,DCS/280,Globalstar,R/V Gyre,2006-02-21 00-00-00,2006-06-16 00-00-00,R/V Longhorn,115,,,
50039-08-01-06,62,F,50039,126,DCS3900,Globalstar,R/V Longhorn,2006-08-25 14-00-00,2007-02-11 20-00-00,R/V Ferrel,171,3.83,-,
50039-02-22-07,63,J,50039,,DCS/126,Globalstar,R/V Ferrel,2007-03-09 00-00-00,2007-05-03 00-00-00,Truck,55,,,
50039-05-04-07,64,F,50039,126,DCS3900,Globalstar,R/V Brooks McCall,2007-11-14 20-30-00,2008-09-26 03-00-00,R/V Ferrel,318,3.83,-,
50039-10-02-08,65,W,50039,126,DCS3900R,Globalstar,R/V Brooks McCall,2008-10-09 14-30-00,2008-11-20 05-30-00,Truck,42,3.37,Went_adrift_on_?._Recovered_on_San_Jose_Island,
50039-04-06-09,66,R,50039,126,DCS3900,Globalstar,R/V Ferrel,2009-06-19 19-30-00,2009-11-18 04-00-00,R/V Ferrel,152,3.43,-,
50039-02-08-10,67,W,50039,126,DCS3900R,Globalstar,R/V Brooks McCall,2010-03-27 02-30-00,2010-12-31 00-00-00,DSV Gulf Freedom,204,3.37,-,
80086-10-15-02,70,R,80086,16,DCS3900,Motorola,R/V Gyre,2002-11-10 00-00-00,2003-07-21 21-00-00,R/V Longhorn,251,3.43,-,
80086-04-19-04,71,F,80086,16,DCS3900,Globalstar,R/V Gyre,2004-07-21 16-00-00,2005-02-08 00-00-00,R/V Gyre,202,3.83,-,
80086-01-05-07,72,W,80086,66,DCS3900R,Globalstar,R/V Ferrel,2007-03-09 00-30-00,2007-12-05 03-30-00,R/V Brooks McCall,270,3.37,,
80086-02-01-08,73,W,80086,66,DCS3900R,Globalstar,DSV Gulf Freedom,2008-07-10 00-30-00,2008-10-05 18-00-00,Truck,96,3.37,Went_adrift_on_?._Recovered_on_Matagorda_Island,
80086-10-23-08,74,J,80086,66,DCS3900,Globalstar,R/V Brooks McCall,2009-01-24 05-00-00,2009-08-13 20-30-00,R/V Ferrel,202,5.48,-,
80086-09-04-09,75,R,80086,66,DCS3900,Globalstar,R/V Ferrel,2009-11-18 11-30-00,2009-11-21 16-00-00,R/V Ferrel,4,3.43,-,
80085-07-17-02,76,W,80085,173,DCS/173,Motorola,R/V Longhorn,2002-07-26 00-00-00,2002-10-25 00-00-00,R/V Longhorn,91,,,
80085-11-15-02,77,D,80085,173,DCS-173,Motorola,R/V Longhorn,2002-11-21 00-00-00,2003-01-31 00-00-00,R/V Gyre,71,5.33,-,
80085-03-11-04,79,F,80085,173,DCS3900,Globalstar,R/V Gyre,2004-03-21 05-30-00,2004-07-21 15-30-00,R/V Gyre,123,3.83,-,
80085-07-27-04,80,J,80085,173,DCS3900,Globalstar,R/V Longhorn,2004-08-18 12-30-00,2005-05-17 10-00-00,R/V Gyre,272,5.48,-,
80085-06-07-05,81,R,80085,362,DCS3900,Globalstar,R/V Gyre,2005-07-11 09-30-00,2005-08-24 00-00-00,R/V Gyre,44,3.43,-,
80085-10-05-05,82,R,80085,362,DCS3900,Globalstar,R/V Longhorn,2005-10-11 00-00-00,2006-06-16 07-00-00,R/V Gyre,133,3.43,-,
80085-08-31-06,83,J,80085,362,DCS3900,Globalstar,R/V Longhorn,2006-09-14 14-30-00,2007-03-08 20-00-00,R/V Ferrel,176,5.48,-,
80085-04-22-08,84,J,80085,362,DCS3900,Globalstar,DSV Gulf Freedom,2008-07-07 18-30-00,2008-10-10 11-00-00,R/V Brooks McCall,95,5.48,-,
80085-10-27-08,85,W,80085,233,DCS3900R,Globalstar,R/V Brooks McCall,2009-01-23 06-00-00,2009-08-14 19-30-00,R/V Ferrel,204,3.37,-,
80085-08-24-09,86,F,80085,233,DCS3900,Globalstar,R/V Ferrel,2009-11-19 03-30-00,2010-12-31 00-00-00,DSV Gulf Freedom,274,3.83,-,
80085-08-27-10,87,D,80085,,DCS/233,Globalstar,DSV Gulf Freedom,2010-10-15 00-00-00,2011-05-07 00-00-00,R/V Ferrel,204,,,
001-08-14-02,88,K,System 1,96,DCS/96,Globalstar,R/V Longhorn,2002-09-12 00-00-00,2003-01-30 00-00-00,R/V Gyre,140,,,
001-07-03-03,90,B,System 1,96,DCS96,Globalstar,R/V Gyre,2003-07-21 00-00-00,2004-02-22 10-30-00,R/V Gyre,216,4.23,-,
001-05-10-05,92,K,System 1,352,DCS3900R,Globalstar,R/V Gyre,2005-05-14 06-30-00,2005-09-25 00-00-00,missing,130,5.38,-,
002-05-29-02,93,B,System 2,110,DCS3900,Globalstar,R/V Gyre,2002-07-14 00-00-00,2002-09-13 00-00-00,R/V Longhorn,61,4.23,-,
002-08-04-03,94,J,System 2,223,DCS3900,Globalstar,R/V Gyre,2003-09-10 05-00-00,2004-03-19 00-00-00,R/V Gyre,192,5.48,-,
002-04-19-04,95,J,System 2,355,DCS3900,Globalstar,R/V Longhorn,2004-07-07 22-00-00,2004-07-24 17-30-00,Truck,19,5.48,-,
002-07-29-04,96,K,System 2,355,B-1509,Globalstar,R/V Longhorn,2004-08-18 00-00-00,2005-05-17 06-00-00,R/V Gyre,273,5.38,-,
002-06-03-05,97,J,System 2,355,DCS3900,Globalstar,R/V Longhorn,2005-08-12 17-30-00,2005-10-09 00-00-00,Osprey Charters,89,5.48,-,
002-11-15-05,98,K,System 2,355,DCS/355,Globalstar,R/V Gyre,2006-02-06 00-00-00,2006-09-14 00-00-00,R/V Longhorn,220,,,
002-09-22-06,99,B,System 2,355,DCS/355,Globalstar,R/V Ferrel,2007-02-12 10-00-00,2007-11-15 00-30-00,R/V Brooks McCall,275,4.23,-,
002-11-20-07,100,K,System 2,214,DCS3900,Globalstar,DSV Gulf Freedom,2008-07-07 23-00-00,2008-10-10 17-00-00,missing,,5.38,-,
003-04-22-02,101,K,System 3,19,DCS/19,Globalstar,R/V Longhorn,2002-05-14 00-00-00,2002-08-02 00-00-00,missing,80,,,
004-04-10-01,102,J,System 4,,DCS3900,Sat,R/V Longhorn,2001-04-27 13-30-00,2001-05-10 13-30-00,R/V Longhorn,14,5.48,Hit_by_ship._Data_ceases_on_4/30/2001.,
004-02-27-02,103,B,System 4,45,DCS3900,Globalstar,R/V Gyre,2002-04-15 00-00-00,2002-07-14 00-00-00,R/V Gyre,90,4.23,-,
004-08-13-02,104,J,System 4,45,DCS/45,Globalstar,R/V Longhorn,2002-09-12 00-00-00,2003-01-30 00-00-00,R/V Gyre,140,,,
005-08-14-02,109,N,System 5,109,DCS109,Globalstar,R/V Gyre,2002-11-09 00-00-00,2002-11-18 14-00-00,R/V Gyre,81,3.98,Data_ceases_after_11/18/2002,
005-03-03-03,110,N,System 5,113,DCS094,Globalstar,R/V Gyre,2006-03-04 20-00-00,2006-08-24 18-00-00,R/V Longhorn,173,3.98,-,
005-02-23-06,111,N,System 5,113,DCS094,Globalstar,R/V Longhorn,2006-08-25 00-00-00,2007-02-11 08-00-00,R/V Ferrel,171,3.98,-,
005-09-09-08,113,V,System 5,68,DCS4100R,Globalstar,R/V Ferrel,2008-09-27 00-00-00,2009-03-04 00-00-00,R/V Brooks McCall,158,,,
006-06-26-02,114,N,System 6,109,DCS109,Globalstar,R/V Gyre,2002-07-12 00-00-00,2002-07-25 00-00-00,R/V Longhorn,13,3.98,-,
006-08-18-03,115,V,System 6,42,DCS70,Globalstar,R/V Longhorn,2004-08-19 15-30-00,2005-02-09 00-00-00,R/V Gyre,174,4.75,-,
006-09-01-05,116,V,System 6,222,DCS/222,Globalstar,R/V Longhorn,2005-10-11 00-00-00,2006-03-04 23-30-00,R/V Gyre,146,4.75,-,
006-09-19-06,117,V,System 6,506,DCS/506,Globalstar,R/V Ferrel,2007-02-12 01-00-00,2007-11-13 22-00-00,R/V Brooks McCall,273,4.75,-,
008-11-04-05,119,A-2,System 8,68,DCS4100/ADCP003,Globalstar,POWHATAN,2005-12-07 07-00-00,2006-03-05 23-30-00,R/V Gyre,88,3,Rebel_barge_oil_spill,
008-04-26-06,120,B,System 8,363,DCS/363,Globalstar,R/V Longhorn,2006-06-15 20-00-00,2006-07-07 22-30-00,R/V Longhorn,23,4.23,-,
008-08-30-06,121,K,System 8,363,DCS/363,Globalstar,R/V Longhorn,2006-09-15 00-00-00,2007-03-09 04-00-00,R/V Ferrel,176,5.38,-,
008-04-19-07,122,B,System 8,363,DCS/363,Globalstar,R/V Brooks McCall,2007-11-15 01-00-00,2008-07-06 00-00-00,DSV Gulf Freedom,234,4.23,-,
008-08-08-08,123,B,System 8,363,DCS/363,Globalstar,R/V Ferrel,2008-09-25 16-30-00,2009-06-19 00-00-00,R/V Ferrel,267,4.23,-,
008-07-15-09,124,J,System 8,67,DCS3900,Globalstar,R/V Ferrel,2009-08-13 21-00-00,2009-11-20 15-00-00,R/V Ferrel,99,5.48,-,
008-05-06-10,125,B,System 8,,DCS/209,Globalstar,DSV Gulf Freedom,2010-08-20 00-00-00,2011-01-21 00-00-00,R/V Brooks McCall,154,,,
009-10-07-05,126,B,System 9,507,DCS/507,Globalstar,R/V Longhorn,2005-10-11 00-00-00,2006-06-15 19-00-00,R/V Longhorn,247,4.23,-,
009-07-03-06,127,B,System 9,507,DCS/507,Globalstar,R/V Longhorn,2006-07-08 00-00-00,2007-02-10 23-30-00,R/V Ferrel,219,4.23,-,
009-02-23-07,128,K,System 9,507,DCS/507,Globalstar,R/V Ferrel,2007-03-09 04-30-00,2007-12-05 23-30-00,R/V Brooks McCall,272,5.38,-,
009-01-29-08,129,B,System 9,507,DCS/507,Globalstar,DSV Gulf Freedom,2008-07-06 03-00-00,2008-09-24 15-00-00,R/V Ferrel,82,4.23,-,
009-12-05-08,130,B,System 9,507,DCS/507,Globalstar,R/V Ferrel,2009-06-19 09-30-00,2009-11-18 21-00-00,R/V Ferrel,152,4.23,-,
009-01-12-10,131,K,System 9,507,DCS/507,Globalstar,R/V Brooks McCall,2010-03-25 01-30-00,2010-12-31 00-00-00,DSV Gulf Freedom,203,5.38,-,
010-10-07-05,132,N,System 10,508,DCS/508,Globalstar,R/V Longhorn,2005-10-11 00-30-00,2006-03-03 22-00-00,R/V Gyre,144,3.98,-,
010-07-11-06,133,V,System 10,508,DCS/508,Globalstar,R/V Longhorn,2006-08-25 05-30-00,2006-09-29 13-30-00,R/V Ferrel,170,4.75,-,
010-02-28-07,134,N,System 10,508,DCS/508,Globalstar,R/V Ferrel,2007-03-08 10-00-00,2007-11-13 15-00-00,R/V Brooks McCall,249,3.98,-,
010-12-14-07,135,N,System 10,,DCS/508,Globalstar,R/V Ferrel,2008-09-27 00-00-00,2009-08-12 00-00-00,R/V Ferrel,319,,,
012-10-11-09,136,N,System 12,114,DCS/114,Globalstar,R/V Ferrel,2010-02-18 16-00-00,2010-12-31 00-00-00,DSV Gulf Freedom,183,3.98,-,
012-11-24-10,137,V,System 12,,DCS/114,Globalstar,R/V Ferrel,2011-05-06 00-00-00,,,,,,
014-05-07-02,139,J,System 14,43,DCS/43,Globalstar,R/V Longhorn,2002-05-15 00-00-00,2002-09-12 00-00-00,R/V Longhorn,120,,,
015-04-12-02,141,V,System 15,70,DCS70,Globalstar,R/V Gyre,2002-04-17 00-00-00,2003-01-29 00-00-00,R/V Gyre,287,4.75,-,
016-12-12-02,142,N,System 16,94,DCS/094,Globalstar,R/V Gyre,2003-01-29 00-00-00,2003-10-27 00-00-00,R/V Gyre,271,,,
016-02-05-04,143,N,System 16,276,DCS094,Globalstar,R/V Gyre,2004-02-23 15-30-00,2004-07-22 00-00-00,R/V Gyre,149,3.98,-,
017-01-03-03,144,K,System 17,44,DCS/44,Globalstar,R/V Gyre,2003-01-30 00-00-00,2003-09-09 00-00-00,R/V Gyre,222,,,
018-09-12-07,145,K,System 18,216,DCS3900,Globalstar,R/V Brooks McCall,2007-12-06 00-00-00,2008-06-23 00-00-00,DSV Gulf Freedom,215,5.38,Went_adrift_on.,
018-08-06-08,146,J,System 18,216,DCS3900,Globalstar,R/V Brooks McCall,2008-10-10 13-00-00,2009-01-24 04-30-00,R/V Brooks McCall,105,5.48,-,
019-09-07-09,147,B,System 19,374,DCS/374,Globalstar,R/V Ferrel,2009-11-18 22-00-00,2010-01-05 09-30-00,R/V Ferrel,31,4.23,-,
018-06-02-10,148,J,System 18,,DCS/69,Globalstar,DSV Gulf Freedom,2010-10-14 00-00-00,2011-01-20 00-00-00,R/V Brooks McCall,98,,,
019-10-27-10,150,J,System 19,,DCS/374,Globalstar,R/V Brooks McCall,2011-01-20 00-00-00,,,,,,
020-02-09-10,151,B,System 20,382,DCS/382,Globalstar,R/V Ferrel,2010-02-19 02-30-00,2010-12-31 00-00-00,DSV Gulf Freedom,183,4.23,-,
020-11-10-10,152,B,System 20,,DCS/382,Globalstar,R/V Brooks McCall,2011-01-21 00-00-00,,,,,,
40014-02-20-07,153,J,40014,133,DCS3900,Globalstar,R/V Brooks McCall,2007-12-06 03-30-00,2008-07-07 00-00-00,DSV Gulf Freedom,214,5.48,-,
225M03-03-12-08,154,V,225m03,137,DCS/137,Globalstar,DSV Gulf Freedom,2008-07-06 17-00-00,2008-09-27 15-30-00,R/V Ferrel,83,4.75,-,
225M03-07-17-09,155,V,225m03,137,DCS/137,Globalstar,R/V Ferrel,2009-08-12 00-30-00,2010-12-31 00-00-00,DSV Gulf Freedom,373,4.75,-,
225M03-11-01-07,156,V,225m03,137,DCS3900,Globalstar,R/V Brooks McCall,2007-11-14 01-00-00,2008-02-10 14-30-00,R/V Brooks McCall,90,4.75,-,
225M02-11-01-07,157,N,225m02,,DCS138,Globalstar,R/V Brooks McCall,2007-11-14 00-00-00,2008-09-27 11-00-00,R/V Ferrel,320,3.98,-,
225M02-07-17-09,158,N,225m02,138,DCS138,Globalstar,R/V Ferrel,2009-08-12 18-30-00,2010-02-18 15-30-00,R/V Ferrel,190,3.98,-,
225M02-03-31-10,159,N,225m02,138,DCS138,Globalstar,DSV Gulf Freedom,2010-08-19 00-00-00,0000-00-00 00:00:00,,,3.98,-,
225M01-10-06-08,160,K,225m01,232,DCS3900,Globalstar,R/V Brooks McCall,2008-10-10 19-00-00,2010-03-24 17-30-00,R/V Brooks McCall,530,5.38,-,
225M01-05-10-10,161,K,225m01,232,DCS3900,Globalstar,DSV Gulf Freedom,2010-10-14 23-59-59,2012-04-20 17-30-00,,,5.38,not immediately redeployed,
40014-1996-06-14,166,A,40014,,B-1223,Microcom ,M/V Spree,1996-06-14 12-30-00,1996-08-14 00-00-00,Gulf Coast Resp,61,4.07,-,
40014-1995-09-01,167,A,40014,,B-1223,Zcom,R/V Gyre,1995-09-01 00-00-00,1995-09-19 00-00-00,R/V Gyre,18,,,
40015-1995-08-14,168,A,40015,,B-1293,Microcom,Gulf Coast Resp,1996-08-14 00-00-00,1996-09-11 18-00-00,Gulf Coast Resp,28,4.07,-,
40015-1996-08-14,169,A,40015,,B-1293,Microcom,Gulf Coast Resp,1996-04-17 16-00-00,1996-06-14 12-30-00,M/V Spree,58,4.07,-,
50040-1996-09-11,170,A,50040,,B-1396,Microcom,Gulf Coast Resp,1996-09-11 18-00-00,1996-10-02 14-00-00,M/V Spree,21,4.07,-,
40017-1996-10-02,171,A,40017,,Unknown,Microcom,M/V Spree,1996-10-02 14-00-00,1997-03-31 00-00-00,Powell,180,4.07,-,
40014-1996-10-02,172,B,40014,,Unknown,Microcom ,Texas Responder,1996-01-10 00-00-00,1996-03-21 00-00-00,Texas Responder,71,4.73,-,
40016-1998-02-20,173,B,40016,,B-1286,Microcom,Texas Responder,1998-02-20 06-30-00,1998-06-15 00-00-00,R/V Gyre,115,4.53,Recovered_drifting,
40016-1996-07-17,174,B,40016,,B-1286,Microcom,Texas Responder,1996-07-17 00-00-00,1996-08-07 00-00-00,Texas Responder,21,4.73,-,
40015-1996-11-12,175,B,40015,,B-1293,Microcom,M/V Spree,1996-11-12 00-00-00,1997-05-21 00-00-00,M/V Spree,190,4.63,-,
40015-1996-03-21,176,B,40015,,B-1293,Microcom,M/V Spree,1996-03-21 00-00-00,1996-05-22 00-00-00,M/V Spree,62,4.73,-,
50039-1998-06-15,177,B,50039,,B-1393,Microcom,R/V Gyre,1998-06-15 00-00-00,1998-07-02 00-30-00,Texas Responder,21,4.53,-,
50039-1997-07-23,178,B,50039,,B-1393,Microcom,Texas Responder,1997-07-23 13-30-00,1998-02-20 06-30-00,Texas Responder,212,4.63,Serviced_and_redeployed,
50040-1998-07-09,179,B,50040,,B-1396,Microcom,Texas Responder,1998-07-07 12-30-00,1998-09-22 18-00-00,Texas Responder,75,4.53,Flooded_cell_link,
50040-1996-05-22,180,B,50040,,B-1396,Microcom,Texas Responder,1996-05-22 00-00-00,1996-07-17 00-00-00,Texas Responder,56,4.73,-,
02-2001-05-11,181,B,System 2,,B-1433,Sat,R/V Longhorn,2001-05-11 13-00-00,2001-07-09 06-00-00,R/V Glorita,58,4.23,Barnacles_on_two_poles.,
02-1999-04-25,182,B,System 2,,B-1433,Sat,R/V Gyre,1999-04-26 00-00-00,1999-08-15 21-00-00,R/V Gyre,111,4.43,-,
03-1999-02-19,183,B,System 3,,B-1492,Sat,R/V Glorita,1999-02-19 00-00-00,1999-02-28 00-00-00,R/V Gyre,9,,,
05-1999-02-20,184,B,System 5,,B-1508,Sat,R/V Gyre,2000-02-20 00-00-00,2000-06-02 01-00-00,R/V Gyre,133,4.33,-,
50039-1999-02-17,185,B,50039,,B-1523,Motorola,R/V Glorita,1999-02-15 01-30-00,1999-02-17 03-30-00,R/V Glorita,2,4.43,System_3_TABS_II_buoy,
80086-1998-10-29,186,B,80086,,B-1529,Microcom,R/V Gyre,1998-10-30 16-30-00,1999-02-14 06-30-00,R/V Glorita,111,4.53,Serviced_and_redeployed,
80086-1998-09-22,187,B,80086,,B-1529,Microcom,Texas Responder,1998-09-23 11-30-00,1998-10-29 13-30-00,R/V Gyre,37,4.53,-,
03-2000-11-21,188,B,System 3,,B-1557,Sat,R/V Gyre,2000-11-20 20-00-00,2001-05-02 00-00-00,R/V Longhorn,162,4.33,-,
03-1999-08-14,189,B,System 3,,B-1558,Sat,R/V Gyre,1999-08-14 00-00-00,2000-02-20 00-00-00,R/V Gyre,190,,,
02-2002-09-13,190,B,System 2,176,DCS176,Globalstar,R/V Longhorn,2002-09-13 00-00-00,2003-01-29 00-00-00,R/V Gyre,138,4.23,Replaced_DCS_sensor_44_with_176,
02-2003-02-01,191,B,System 2,223,DCS223,Globalstar,R/V Gyre,2003-02-01 00-00-00,2003-07-19 00-00-00,R/V Longhorn,168,4.23,-,
01-2004-07-23,192,B,System 1,352,DCS352,Globalstar,R/V Gyre,2004-07-23 07-30-00,2005-01-10 00-00-00,R/V Gyre,171,4.23,-,
01-2004-02-22,193,B,System 1,352,DCS/352,Globalstar,R/V Gyre,2004-02-22 00-00-00,2004-07-21 00-00-00,R/V Gyre,150,,,
08-2005-04-30,194,B,System 8,363,DCS352,Globalstar,R/V Gyre,2005-04-30 00-30-00,2005-10-10 00-00-00,R/V Longhorn,163,4.23,-,
08-2005-02-08,195,B,System 8,363,DCS352,Globalstar,R/V Gyre,2005-02-08 00-30-00,2005-03-19 00-00-00,R/V Gyre,39,4.23,-,
019-2010-01-05,196,B,System 19,374,DCS/374,Globalstar,R/V Ferrel,2010-01-05 10-00-00,2010-02-19 00-00-00,R/V Ferrel,44,4.23,-,
02-2002-01-23,197,B,System 2,44,DCS3900,Sat,R/V Gyre,2002-01-24 06-00-00,2002-04-15 00-00-00,R/V Gyre,82,4.23,-,
02-2001-07-26,198,B,System 2,44,DCS3900,Sat,R/V Longhorn,2001-07-27 09-00-00,2002-01-22 13-00-00,R/V Gyre,179,4.23,-,
40017-1997-05-21,199,B,40017,,B-1393,Microcom,M/V Spree,1997-05-21 00-00-00,1997-07-18 05-30-00,Texas Responder,63,4.63,-,
50038-1996-08-07,200,B,50038,,Unknown,Microcom,M/V Spree,1996-08-07 00-00-00,1996-11-12 00-00-00,M/V Spree,97,4.73,-,
04-2000-06-02,201,B2,System 4,,DCS3500,Sat,R/V Longhorn,2000-06-02 01-00-00,2000-11-20 04-30-00,R/V Gyre,171,4.33,Data_is_from_Buoy_B2,
04-1999-12-15,202,B2,System 4,,DCS3500,Sat,R/V Longhorn,1999-12-15 00-00-00,2000-01-13 00-00-00,R/V Gyre,29,,,
40016-1996-02-06,203,C,40016,,B-1286,Microcom,M/V Spree,1996-02-06 00-00-00,1996-04-02 20-00-00,M/V Spree,56,4.63,-,
40018-1996-06-20,204,C,40018,,B-1311,Microcom,Texas Responder,1996-06-20 16-30-00,1997-03-20 00-00-00,Texas Responder,273,4.63,Data_stops_on_11/29/1996,
40017-1995-11-30,205,C,40017,,Unknown,Microcom,M/V Spree,1995-11-30 00-00-00,1996-02-06 00-00-00,M/V Spree,68,4.73,-,
50038-1996-04-02,206,C,50038,,Unknown,Microcom,M/V Spree,1996-04-02 20-00-00,1996-06-20 12-30-00,Texas Responder,79,4.63,Bad_temperature_record,
40014-1998-10-14,207,D,40014,,B-1223,Microcom,Lone Star Responder,1998-10-14 17-00-00,1999-02-18 01-00-00,R/V Glorita,128,5.58,Bad_data_after_12/9/1998,
40014-1998-05-14,208,D,40014,,B-1223,Microcom ,Lone Star Responder,1998-05-14 00-00-00,1998-08-12 11-30-00,R/V Longhorn,90,5.58,Data_suspect_after_7/1/1996?,
40014-1997-12-10,209,D,40014,,B-1223,Microcom,Powell,1997-12-10 00-00-00,1998-05-14 00-00-00,Lone Star Responder,155,5.68,-,
40014-1997-08-20,210,D,40014,,B-1223,Microcom,Lone Star Responder,1997-08-20 00-00-00,1997-11-20 17-30-00,Lone Star Responder,92,5.68,Buoy_flooded_on_10/21/1997,
40014-1996-08-27,211,D,40014,,B-1223,Microcom,Lone Star Responder,1996-08-27 15-30-00,1997-01-21 00-00-00,M/V Fling,147,5.77,-,
40015-1995-12-04,212,D,40015,,B-1293,Microcom,M/V Spree,1995-12-04 00-00-00,1996-01-10 00-00-00,M/V Spree,37,,,
40018-1997-06-25,213,D,40018,,B-1311,Microcom,Lone Star Responder,1997-06-24 00-00-00,1997-08-20 00-00-00,Lone Star Responder,56,5.68,-,
50039-1997-01-21,214,D,50039,,B-1393,Microcom,M/V Fling,1997-01-21 00-00-00,1997-06-24 00-00-00,Lone Star Responder,155,5.68,-,
50039-1996-03-21,215,D,50039,,B-1393,Microcom,M/V Spree,1996-03-21 00-00-00,1996-07-25 06-00-00,Lone Star Responder,126,5.77,-,
50040-1996-07-25,216,D,50040,,B-1396,Microcom,Lone Star Responder,1996-07-25 06-00-00,1996-08-27 15-30-00,Lone Star Responder,33,5.77,No_data_in_the_record,
50039-1998-08-12,217,D,50039,,B-1523,Microcom,R/V Longhorn,1998-08-12 19-30-00,1998-10-13 12-30-00,Lone Star Responder,63,5.58,All_data_bad._Faulty_connector_to_MMI,
80085-2001-05-11,218,D,80085,,B-1528,Motorola,R/V Longhorn,2001-05-12 01-00-00,2001-08-16 00-00-00,R/V Longhorn,97,5.33,Recovered_6_nmi_off_location,
80085-2000-11-30,219,D,80085,,B-1528,Motorola,R/V Longhorn,2000-11-30 20-00-00,2001-04-05 03-00-00,Truck,125,5.42,Recovered_on_shore._Mooring_cut,
40018-2000-02-06,220,D,40018,,B-1531,Motorola,R/V Longhorn,2000-02-07 00-00-00,2000-07-14 01-30-00,R/V Longhorn,159,5.42,-,
40018-1999-02-19,221,D,40018,,B-1531,Motorola,R/V Glorita,1999-02-19 00-00-00,1999-06-07 00-00-00,R/V Longhorn,108,,,
40015-2000-07-14,222,D,40015,,B-1539,Motorola,R/V Longhorn,2000-07-14 01-30-00,2000-11-30 20-00-00,missing,139,5.42,Lost_on_11/30/2000,
40016-1999-09-29,223,D,40016,,B-1561,Motorola,R/V Longhorn,1999-10-01 16-00-00,2000-02-07 00-00-00,R/V Longhorn,130,5.5,Data_stops_on_01/01/2000,
50039-2001-12-11,224,D,50039,17,DCS-17,Motorola,R/V Longhorn,2001-12-11 21-00-00,2002-05-15 00-00-00,R/V Longhorn,155,5.33,-,
80085-2007-03-08,225,D,80085,362,DCS/362,Globalstar,R/V Ferrel,2007-03-08 00-00-00,2007-12-06 00-00-00,R/V Brooks McCall,273,,,
40014-2003-01-31,226,D,40014,42,DCS-42,Motorola,R/V Gyre,2003-01-31 00-00-00,2003-07-18 00-00-00,R/V Longhorn,168,5.33,-,
109-2011-05-07,227,D,109,,DCS/525,Globalstar,R/V Ferrel,2011-05-07 00-00-00,,,,,,
40016-2001-08-16,228,D,40016,72,DCS-72,Motorola,R/V Longhorn,2001-08-16 00-00-00,2001-12-11 21-00-00,R/V Longhorn,117,5.33,-,
40017-1997-11-20,229,D,40017,,Unknown,Microcom,Lone Star Responder,1997-11-20 17-30-00,1997-12-10 00-00-00,Powell,20,5.68,Flooded_SeaPac,
40018-1996-02-02,230,E,40018,,B-1311,Microcom,Lone Star Responder,1996-02-02 00-00-00,1996-06-05 00-00-00,Lone Star Responder,124,,,
40015-1997-12-10,231,F,40015,,B-1293,Microcom,Powell,1997-12-10 11-00-00,1998-09-22 00-00-00,Texas Responder,286,4.15,Flooded_cell_link._Data_ceases_after_9/1/1998,
50039-1996-08-07,232,F,50039,,B-1393,Microcom,M/V Spree,1996-08-07 13-00-00,1996-11-12 00-00-00,M/V Spree,97,4.35,-,
50040-1998-10-28,233,F,50040,,B-1396,Microcom,R/V Gyre,1998-10-28 12-30-00,1999-04-26 00-00-00,R/V Gyre,180,4.15,-,
50040-1996-11-12,234,F,50040,,B-1396,Microcom,M/V Spree,1996-11-12 00-00-00,1997-03-25 13-00-00,Powell,133,4.35,-,
80086-1999-11-12,235,F,80086,,B-1529,Motorola,R/V Gyre,1999-04-26 00-00-00,1999-08-16 04-00-00,R/V Gyre,110,4.05,-,
40015-1999-12-01,236,F,40015,,B-1539,Motorola,R/V Gyre,1999-12-01 08-00-00,2000-02-18 00-00-00,R/V Gyre,79,3.95,-,
40014-2000-11-21,237,F,40014,,B-1561,Motorola,R/V Gyre,2000-11-21 08-30-00,2001-03-27 05-00-00,R/V Gyre,125,3.53,Data_ceases_on_12/24/2000.,
50040-1999-08-14,238,F,50040,,B-1560,Motorola,R/V Gyre,1999-08-14 00-00-00,1999-12-01 00-00-00,R/V Gyre, ,,,
80086-2001-07-08,239,F,80086,16,DCS3900,Motorola,R/V Glorita,2001-07-09 02-30-00,2001-09-22 18-00-00,R/V Gyre,77,3.83,New_top_design._Data_ceases_after_7/30/2001,
80086-2001-03-21,240,F,80086,16,DCS/16,Motorola,R/V Gyre,2001-03-21 00-00-00,2001-06-19 00-00-00,R/V Gyre,90,,,
50039-2004-02-24,241,F,50039,17,DCS3900,Motorola,R/V Gyre,2004-02-24 09-30-00,2004-03-21 02-00-00,R/V Gyre,25,3.83,-,
80085-2011-05-07,242,F,80085,,DCS/233,Globalstar,R/V Ferrel,2011-05-07 00-00-00,,,,,,
109-2005-02-08,243,F,109,378,DCS3900,Globalstar,R/V Gyre,2005-02-08 00-30-00,2006-02-21 18-30-00,R/V Gyre,378,3.83,-,
111-2001-09-22,244,F,111,73,DCS3900,Motorola,R/V Gyre,2001-09-22 18-00-00,2002-04-17 00-00-00,R/V Gyre,207,3.83,-,
40017-1996-02-22,245,F,40017,,,Microcom,M/V Spree,1996-02-22 00-00-00,1996-08-07 00-00-00,M/V Spree,167,,,
50038-1997-03-25,246,F,50038,,Unknown,Microcom,Powell,1997-03-26 01-00-00,1997-12-10 11-00-00,missing,260,4.25,Flooded_SeaPac,
40014-1997-03-11,247,G,40014,,B-1223,Microcom,Gulf Coast Resp,1997-03-11 17-30-00,1997-05-21 00-00-00,M/V Spree,71,3.75,-,
50039-1998-05-23,248,G,50039,,B-1293,Microcom,R/V Gyre,1998-05-23 13-00-00,1998-06-15 13-00-00,R/V Gyre,23,3.65,Flooded_sensor.,
50040-1997-10-27,249,G,50040,,B-1396,Microcom,R/V Gyre,1997-10-27 00-00-00,1998-05-23 13-00-00,R/V Gyre,208,3.75,Badly_fouled_sensor.,
50040-1997-05-21,250,G,50040,,B-1396,Microcom,M/V Spree,1997-05-21 00-00-00,1997-10-27 00-00-00,R/V Gyre,159,3.75,-,
40015-1997-06-02,251,H,40015,,-,Microcom,M/V Spree,1997-06-05 00-00-00,1997-10-29 00-00-00,M/V Spree,149,5.55,-,
40018-1997-10-29,252,H,40018,,-,Microcom,M/V Spree,1997-10-29 00-00-00,1998-06-22 17-00-00,R/V Longhorn,287,5.55,-,
007-2006-08-23,253,H,Discus 007,,RCM-9 1097,Globalstar,R/V Longhorn,2006-08-24 00-30-00,2007-12-31 00-00-00,DSV Gulf Freedom,685,5.55,-,
007-2005-08-27,254,H,Discus 007,,RCM-9 1097,Globalstar,R/V Gyre,2005-08-27 18-00-00,2005-10-14 10-30-00,R/V Gyre,191,5.55,-,
01-1998-02-20,255,I,System 1,,B-1536,Sat,Texas Responder,1998-02-20 00-00-00,1998-05-02 00-00-00,R/V Gyre,71,,,
01-1998-01-20,256,I,System 1,,B-1536,Sat,Texas Responder,1998-01-20 00-00-00,1998-02-20 00-00-00,Texas Responder,31,,,
02-2000-10-21,257,J,System 2,,B-1433,Sat,R/V Longhorn,2000-10-21 13-00-00,2001-04-27 13-30-00,R/V Longhorn,187,5.57,Velocity_data_ceases_after_3/28/2001.,
02-2000-02-07,258,J,System 2,,B-1433,Sat,R/V Longhorn,2000-02-07 15-00-00,2000-04-17 00-00-00,R/V Longhorn,60,5.57,Recovered_drifting.,
02-1998-10-14,259,J,System 2,,B-1533,Sat,Lone Star Responder,1998-10-15 00-00-00,1999-02-17 23-30-00,R/V Glorita,127,5.73,-,
01-1998-05-13,260,J,System 1,,B-1536,Sat,Lone Star Responder,1998-05-13 16-00-00,1998-08-11 00-00-00,R/V Longhorn,90,5.73,Hit_by_ship._Data_ceases_after_7/16/1998.,
06-1999-02-18,261,J,System 6,,B-1509,Sat,R/V Glorita,1999-02-18 18-00-00,1999-08-22 06-00-00,R/V Longhorn,354,5.38,Lost_during_Hurricane_Brett._Data_ceases_on_8/22/1,
08-2009-11-20,262,J,System 8,209,DCS3900,Globalstar,R/V Ferrel,2009-11-20 16-00-00,2010-03-25 06-30-00,R/V Brooks McCall,125,5.48,-,
09-2005-05-17,263,J,System 9,221,DCS3900,Globalstar,R/V Gyre,2005-05-17 10-30-00,2005-08-12 15-00-00,R/V Longhorn,87,5.48,-,
019-2010-03-25,264,J,System 19,374,DCS3900,Globalstar,R/V Brooks McCall,2010-03-25 07-00-00,2010-12-31 00-00-00,DSV Gulf Freedom,203,5.48,-,
03-2001-05-10,265,J,System 3,45,DCS3900,Sat,R/V Longhorn,2001-05-10 13-30-00,2001-11-27 14-00-00,R/V Longhorn,201,5.48,RSM_clock_error._Since_repaired.,
04-2003-01-30,266,J,System 4,45,DCS/45,Globalstar,R/V Gyre,2003-01-30 00-00-00,2003-09-09 00-00-00,R/V Gyre,222,,,
01-2001-11-27,267,J,System 1,96,DCS3900,Sat,R/V Longhorn,2001-11-27 14-00-00,2002-05-15 00-00-00,R/V Longhorn,169,5.48,-,
01-2001-04-17,268,J,System 1,,,Sat,R/V Longhorn,2001-04-17 00-00-00,2001-09-25 00-00-00,R/V Longhorn,161,,,
03-1998-10-14,269,K,System 3,,B-1492,Sat,Lone Star Responder,1998-10-15 02-30-00,1999-02-18 18-00-00,R/V Glorita,127,5.47,Damaged_by_collision,
03-1998-05-13,270,K,System 3,,B-1492,Sat,Lone Star Responder,1998-05-13 00-00-00,1998-08-11 00-00-00,R/V Longhorn,90,,,
01-1999-02-18,271,K,System 1,,B-1536,Sat,R/V Glorita,1999-02-18 23-00-00,2000-02-07 15-00-00,R/V Longhorn,545,5.65,Failed_postcruise_calibration_test._Data_ceases_af,
017-1999-02-18,272,K,System 17,44,B-1509,Globalstar,R/V Gyre,2004-03-20 00-00-00,2004-05-14 09-30-00,missing,110,5.38,-,
017-2003-09-09,273,K,System 17,44,DCS3900R,Globalstar,R/V Gyre,2003-09-10 00-00-00,2004-03-19 12-30-00,R/V Gyre,192,5.38,-,
06-1998-04-20,274,L,System 6,,B-1509,Sat,R/V Gyre,1998-04-20 04-00-00,1998-10-28 18-30-00,R/V Gyre,191,4.15,-,
04-1998-04-20,275,M,System 4,,B-1507,ZyXell,R/V Gyre,1998-04-20 00-00-00,1998-10-28 00-00-00,R/V Gyre,191,,,
05-1999-03-01,276,M,System 5,,B-1359,Sat,R/V Gyre,1999-03-01 02-30-00,1999-08-15 00-00-00,R/V Gyre,275,3.65,-,
07-1999-03-01,277,N,System 7,,ADCP-003,Sat,R/V Gyre,1999-03-01 19-00-00,1999-08-15 02-00-00,R/V Gyre,275,3.98,Data_ceases_after_9/12/1999,
07-1998-05-24,278,N,System 7,,ADCP-003,ZyXell,R/V Gyre,1998-05-24 00-00-00,1998-10-28 00-00-00,R/V Gyre,157,,,
07-1998-04-20,279,N,System 7,,ADCP-016,ZyXell,R/V Gyre,1998-04-20 00-00-00,1998-04-23 00-00-00,R/V Gyre,3,,,
07-1998-04-01,280,N,System 7,,ADCP-016,ZyXell,R/V Gyre,1998-04-01 00-00-00,1998-04-20 00-00-00,R/V Gyre,19,,,
016-2002-07-25,281,N,System 16,94,DCS094,Globalstar,R/V Longhorn,2002-07-25 00-00-00,2002-11-09 00-00-00,R/V Gyre,107,3.98,-,
016-2002-01-22,282,N,System 16,94,DCS/094,Globalstar,R/V Gyre,2002-01-22 00-00-00,2002-07-12 00-00-00,R/V Gyre,171,,,
011-2005-04-23,283,N,System 11,273,DCS094,Globalstar,R/V Gyre,2005-04-23 00-30-00,2005-09-25 00-00-00,missing,154,3.98,-,
016-2004-07-21,284,N,System 16,276,DCS094,Globalstar,R/V Gyre,2004-07-22 04-30-00,2005-04-23 00-00-00,R/V Gyre,202,3.98,-,
10-2005-02-09,285,N,System 10,350,DCS/350,Globalstar,R/V Gyre,2005-02-09 00-00-00,2005-05-23 00-00-00,R/V Gyre,103,,,
40016-1999-03-01,286,P,40016,,B-1286,Motorola,R/V Gyre,1999-03-01 08-30-00,1999-12-01 00-00-00,R/V Gyre,167,3.12,Failed_postcruise_calibration_test.,
05-1998-07-21,287,P,System 5,,B-1508,Sat,R/V Gyre,1998-07-21 00-00-00,1998-11-24 00-00-00,R/V Gyre,126,,,
40014-1999-08-15,288,P,40014,,Unknown,Motorola,R/V Gyre,1999-08-15 00-00-00,2000-02-19 16-30-00,R/V Gyre,188,3.12,-,
40016-1998-07-21,289,R,40016,,B-1286,Microcom,R/V Gyre,1998-07-21 11-00-00,1998-09-25 00-00-00,Truck,66,3.75,Recovered_on_Matagorda_Island,
40014-2000-09-07,290,R,40014,,B-1557,Motorola,R/V Longhorn,2000-09-08 13-30-00,2000-09-25 14-30-00,R/V Gyre,18,3.53,Lost_communications._Broken_cellular_antenna.,
50039-1999-08-15,291,R,50039,,B-1559,Motorola,R/V Gyre,1999-08-15 00-00-00,2000-02-19 09-30-00,R/V Gyre,188,3.65,Sensor_failed_during_postcruise_calibration_test._,
50040-2000-02-19,292,R,50040,,B-1560,Motorola,R/V Gyre,2000-02-19 09-30-00,2000-06-02 11-30-00,Truck,962,3.53,Buoy_lost._Last_communicated_on_4/11/2000.,
40016-2000-11-22,293,R,40016,,B-1561,Motorola,R/V Gyre,2000-11-22 00-00-00,2001-03-26 00-00-00,R/V Gyre,124,,,
40016-2000-06-01,294,R,40016,,B-1561,Motorola,R/V Longhorn,2000-06-02 11-30-00,2000-09-08 13-30-00,R/V Longhorn,98,Data_ceases_on_7/23/2000.,Data_ceases_on_7/23/2000.,Data_ceases_on_7/23/2000.
80086-2002-01-23,295,R,80086,16,DCS/16,Motorola,R/V Gyre,2002-01-23 00-00-00,2002-07-13 00-00-00,R/V Gyre,171,,,
50039-2001-03-26,296,R,50039,17,DCS3900,Motorola,R/V Gyre,2001-03-27 05-00-00,2001-09-23 00-00-00,R/V Gyre,181,3.43,-,
40018-2001-09-23,297,R,40018,20,DCS3900,Motorola,R/V Gyre,2001-09-23 00-00-00,2002-01-23 00-00-00,R/V Gyre,122,3.43,-,
110-2011-05-09,298,R,110,,DCS3900,Globalstar,R/V Ferrel,2011-05-09 23-59-59,2010-12-31 00-00-00,,,3.43,-,
80086-2009-12-18,299,R,80086,,DCS/66,Globalstar,R/V Ferrel,2009-12-18 00-00-00,2010-08-20 00-00-00,DSV Gulf Freedom,245,,,
40016-2009-11-22,300,R,40016,69,DCS3900,Globalstar,R/V Ferrel,2009-11-21 23-59-59,2010-12-31 00-00-00,R/V Ferrel,26,3.43,-,
50039-1999-04-26,301,S,50039,,B-1523,Motorola,R/V Gyre,1999-04-26 00-00-00,1999-06-08 04-00-00,R/V Longhorn,42,3.22,-,
50039-1999-02-19,302,S,50039,,B-1523,Motorola,R/V Glorita,1999-02-19 14-00-00,1999-03-23 00-00-00,Truck,32,3.22,Recovered_on_Matagorda_Island.,
80086-2000-09-07,303,S,80086,,B-1529,Motorola,R/V Longhorn,2000-09-07 13-00-00,2000-12-19 00-00-00,Coast Guard,103,3.1,Went_adrift_on_12/17/2000.,
80086-1999-12-14,304,S,80086,,B-1529,Motorola,R/V Longhorn,1999-12-14 20-00-00,2000-06-04 16-00-00,R/V Longhorn,171,3.1,-,
40018-2000-07-20,305,S,40018,,B-1531,Motorola,R/V Longhorn,2000-07-20 00-00-00,2000-09-07 13-00-00,R/V Longhorn,160,3.1,Recovered_on_San_Jose_Island.,
40018-1999-06-07,306,S,40018,,B-1531,Motorola,R/V Longhorn,1999-06-08 04-00-00,1999-12-14 20-00-00,R/V Longhorn,190,3.22,Recovered_on_the_beach_south_of_Corpus_Christi.,
40018-2001-03-27,307,S,40018,20,DCS3500,Motorola,R/V Gyre,2001-03-27 12-00-00,2001-07-26 00-00-00,R/V Longhorn,121,3,Recovered_with_bent_hull._Site_discontinued_in_fav,
06-2001-10-06,308,T,System 6,1500,1500,Sat,R/V Pelican,2001-10-06 00-00-00,2002-01-30 00-00-00,Tommy Munroe,116,,,
06-2001-05-23,309,T,System 6,,1500,Sat,R/V Pelican,2001-05-23 00-00-00,2001-07-26 00-00-00,Tommy Munroe,64,,,
06-2001-02-19,310,T,System 6,,1500,Sat,R/V Pelican,2001-02-19 00-00-00,2001-05-23 00-00-00,R/V Pelican,93,,,
05-2001-10-07,311,U,System 5,,ADCP-1033,Sat,R/V Pelican,2001-10-07 00-00-00,2002-01-30 00-00-00,Tommy Munroe,115,,,
05-2001-05-23,312,U,System 5,,ADCP-1033,Sat,R/V Pelican,2001-05-23 00-00-00,2001-07-26 00-00-00,Tommy Munroe,64,,,
05-2001-02-19,313,U,System 5,,ADCP-1033,Sat,R/V Pelican,2001-02-19 00-00-00,2001-03-24 00-00-00,R/V Gyre,33,,,
07-2001-03-21,314,V,System 7,,ADCP003,Sat,R/V Gyre,2001-03-21 00-00-00,2001-09-23 22-30-00,R/V Gyre,186,4.75,Data_from_first_bin_of_ADCP,
07-2002-01-22,315,V,System 7,95,DCS095,Sat,R/V Gyre,2002-01-22 00-00-00,2002-04-17 00-00-00,missing,85,4.75,-,
03-2010-08-20,316,V,225m03,,DCS/137,Globalstar,DSV Gulf Freedom,2010-08-20 00-00-00,2011-05-06 00-00-00,R/V Ferrel,259,,,
06-2006-03-04,317,V,System 6,222,DCS/222,Globalstar,R/V Gyre,2006-03-06 04-00-00,2006-08-25 00-00-00,R/V Longhorn,173,4.75,-,
016-2005-02-09,318,V,System 16,276,DCS70,Globalstar,R/V Gyre,2005-02-09 00-30-00,2005-09-25 00-00-00,missing,227,4.75,-,
015-2003-02-19,319,V,System 15,70,DCS70,Globalstar,R/V Gyre,2003-01-29 00-00-00,2003-07-14 00-00-00,missing,166,4.75,-,
50039-2011-05-07,320,W,50039,,DCS/126,Globalstar,R/V Ferrel,2011-05-07 00-00-00,,,,,,
109-2001-11-27,321,W,109,31,DCS3900R,Motorola,R/V Longhorn,2001-11-28 01-00-00,2002-01-08 23-30-00,R/V Longhorn,169,3.37,Wireless_communication_of_data,
50040-2005-08-13,322,W,50040,506,DCS3900R,Globalstar,R/V Longhorn,2005-08-14 00-30-00,2006-02-03 13-30-00,R/V Gyre,14,3.37,Wireless_communication_of_data,
80086-2007-12-07,323,W,80086,66,DCS3900R,Globalstar,R/V Brooks McCall,2007-12-07 15-30-00,2008-01-01 03-30-00,Truck,32,3.37,Went_adrift_on_01/01/2008.,
04-2001-07-17,324,X,System 4,,DCS43/ADCP,Motorola,USNS Sumner,2001-07-17 00-00-00,2001-11-26 00-00-00,USNS Salvor,132,,,
40014-2001-07-17,325,Y,40014,42,DCS/42,Motorola,USNS Sumner,2001-07-17 00-00-00,2001-11-26 00-00-00,USNS Salvor,132,,,
C-1995-04-02,326,C,,,Unknown,,,1995-04-02 00-30-00,1995-11-30 00-00-00,,,4.73,-,
B-1995-04-03,327,B,,,Unknown,,,1995-04-03 00-00-00,1995-08-23 15-00-00,,,4.82,-,
E-1995-06-01,328,E,,,Unknown,,,1995-06-01 00-00-00,1996-01-16 14-00-00,,,6,-,
D-1995-06-12,329,D,,,Unknown,,,1995-06-12 18-30-00,1995-09-10 00-00-00,,,5.85,-,
A-1995-06-21,330,A,,,Unknown,,,1995-06-21 17-00-00,1995-07-09 23-30-00,,,4.17,Faulty_compass,
A-1995-08-12,331,A,,,B-1223,,,1995-08-12 00-00-00,1995-10-08 23-30-00,,,4.17,-,
B-1995-08-31,332,B,,,Unknown,,,1995-08-31 18-30-00,1996-01-10 00-00-00,,,4.82,-,
D-1995-09-10,333,D,,,B-1293,,,1995-09-10 06-00-00,1996-01-09 23-30-00,,,5.85,-,
D-1996-01-10,334,D,,,Unknown,,,1996-01-10 00-00-00,1996-03-21 00-00-00,,,5.77,-,
F-1996-02-23,335,F,,,Unknown,,,1996-02-23 00-00-00,1996-08-07 13-00-00,,,4.35,-,
K-1998-05-15,336,K,,,B-1492,,,1998-05-15 02-00-00,1998-08-11 00-00-00,,,5.47,Damaged_by_collision._Data_ceases_on_7/1/1998,
P-1998-07-22,337,P,,,B-1508,,,1998-07-22 00-00-00,1998-11-25 15-00-00,,,3.22,#NAME?,
D-1999-02-18,338,D,,,B-1531,,,1999-02-18 01-00-00,1999-06-07 19-30-00,,,5.5,-,
B-1999-02-22,339,B,,,B-1492,,,1999-02-22 05-30-00,1999-02-28 14-00-00,,,4.43,-,
M-1999-03-02,340,M,,,B-1508,,,1999-03-02 00-00-00,1999-12-01 01-30-00,,,4.05,-,
B-1999-03-02,341,B,,,Unknown,,,1999-03-02 07-30-00,1999-04-26 00-00-00,,,4.43,-,
S-1999-03-23,342,S,,,Unknown,,,1999-03-23 00-00-00,1999-04-26 00-00-00,,,3.22,-,
F-1999-08-16,343,F,,,B-1560,,,1999-08-16 04-00-00,1999-12-01 00-00-00,,,4.05,No_data_in_the_record,
B-1999-08-16,344,B,,,B-1558,,,1999-08-16 04-30-00,2000-02-20 00-00-00,,,4.43,-,
F-2000-02-18,345,F,,,Unknown,,,2000-02-18 00-00-00,2000-09-28 07-00-00,,,3.95,-.,
J-2000-04-17,346,J,,,Unknown,,,2000-04-17 00-00-00,2000-09-25 06-00-00,,,5.57,Recovered_drifting.,
S-2000-06-04,347,S,,,Unknown,,,2000-06-04 16-00-00,2000-07-20 00-00-00,,,3.1,-,
F-2001-03-28,348,F,,,DCS3900,,,2001-03-28 13-00-00,2001-06-19 00-00-00,,,3.83,Stopped_communicating._Data_ceases_after_5/18/2001,
F-2002-09-11,349,F,,,DCS3900,,,2002-09-11 00-00-00,2002-12-31 00-00-00,,,3.83,-,
N-2003-01-30,350,N,,94,DCS094,,,2003-01-30 04-00-00,2003-08-03 20-30-00,,,3.98,Lost_during_Hurricane_Claudette._Data_ends_07/14/2,
F-2003-07-23,351,F,,,DCS3900,,,2003-07-23 00-00-00,2004-02-24 03-30-00,,,3.83,-,
R-2003-07-23,352,R,,,DCS3900,,,2003-07-23 05-30-00,2003-09-09 17-00-00,,,3.43,-,
R-2003-09-09,353,R,,,DCS3900,,,2003-09-09 19-30-00,2004-02-24 19-30-00,,,3.43,-,
B-2004-02-25,354,B,,,DCS352,,,2004-02-25 02-30-00,2004-07-21 09-30-00,,,4.23,-,
R-2004-02-25,355,R,,,DCS3900,,,2004-02-25 05-00-00,2004-03-21 03-30-00,,,3.43,-,
K-2006-02-04,356,K,,,B-1509,,,2006-02-04 20-00-00,2006-09-14 16-30-00,,,5.38,-,
J-2007-03-08,357,J,,,DCS3900,,,2007-03-08 20-30-00,2007-05-03 00-00-00,,,5.48,Beach_recovery,
D-2007-03-11,358,D,,,DCS-278,,,2007-03-11 03-00-00,2007-12-06 22-00-00,,,5.33,Current_data_highly_suspect_from_October_on_due_to,
42035-2007-05-18,359,42035,,,DACT,,,2007-05-18 18-00-00,2008-12-31 00-00-00,,,3.37,-,
F-2008-09-26,360,F,,,DCS3900,,,2008-09-26 15-00-00,2009-05-26 00-00-00,,,3.83,Adrift_from_3/14/08_to_5/26/08,
N-2008-09-28,361,N,,,DCS094,,,2008-09-28 00-00-00,2009-08-12 15-00-00,,,3.98,-,
v-2008-09-28,362,V,,,DCS70,,,2008-09-28 12-30-00,2009-03-04 12-00-00,,,4.75,Went_adrift_on_02/18/2009.,
V-2010-10-20,363,V,,,DCS70,,,2010-10-20 23-23-59,2012-04-19 21-10-00,,,4.75,no sessions,
D-2010-10-28,364,D,,,DCS-278,,,2010-10-28 05-00-00,2010-04-12 12-00-00,,,5.33,deploy_time_guess,
B-2011-08-26,365,B,,,DCS352,,,2011-08-26 02-30-00,2012-02-23 17-00-00,,,4.23,no incident,
J-2011-08-27,366,J,,,DCS3900,,,2011-08-27 23-59-59,2012-04-21 03-10-00,,,5.48,-,
V-2011-10-26,367,V,,,DCS70,,,2011-10-26 23-23-59,2012-02-29 02-30-00,,,4.75,2/29/2012 2:30,
F-2011-10-27,368,F,,,DCS3900,,,2011-10-27 23-59-59,2011-12-20 07-40-00,,,3.83,recovered adrift,
D-2011-10-28,369,D,,,U,,,2011-10-28 13-00-00,2011-12-20 12-00-00,,,0,recovered adrift buoy,
W-2011-10-28,370,W,,,DCS3900R,,,2011-10-28 23-59-59,2012-02-25 05-15-00,,,3.37,28.3539,
R-2011-10-29,371,R,,,DCS3900,,,2011-10-29 16-30-00,2012-04-23 06-10-00,,,3.43,-,
D-2011-10-28,372,D,,126,DCS3900,,,2011-10-28 00-00-00,2011-12-20 00-00-00,,,0,new buoy,
D-2011-12-20,373,D,,50039,DCS3900,,,2011-12-20 00-00-00,,,,\N,redeployed adrift buoy,
F-2011-12-21,374,F,,,DCS3900,,,2011-12-21 05-15-00,2012-02-23 07-15-00,,,2.83,28.863,
V-2012-02-22,375,V,,,\N,,,2012-02-22 02-32-00,2012-04-19 21-10-00,,,\N,deployed a TABS II,
R003-2012-02-22,376,R003,,,U,,,2012-02-22 10-40-00,2012-02-26 18-45-00,,,0,Test,
F-2012-02-23,377,F,,,U,,,2012-02-23 14-00-00,0000-00-00 00:00:00,,,0,,
B-2012-02-23,378,B,,,U,,,2012-02-23 19-30-00,0000-00-00 00:00:00,,,0,,
W-2012-02-25,379,W,,,\N,,,2012-02-25 06-24-00,2012-04-22 11-30-00,,,\N,high winds,
V2012-04-19,380,V,,,\N,,,2012-04-19 21-30-00,0000-00-00 00:00:00,,,\N,,
J-2012-04-21,381,J,,,\N,,,2012-04-21 04-00-00,0000-00-00 00:00:00,,,\N,,
W-2012-04-22,382,W,,,\N,,,2012-04-22 12-35-00,0000-00-00 00:00:00,,,\N,,
R-2012-04-23,383,R,,,\N,,,2012-04-23 06-35-00,0000-00-00 00:00:00,,,\N,,
K,384,K,,,\N,,,0000-00-00 00:00:00,2012-04-20 22-30-00,,,\N,,
