Deployment_Date,File_Number,checkout,Site,Seapac_SN, Current_Sensor_SN,"Sensor, norman",Modem_Type,Deployment_Ship,Deployment_Date,,Dep-date norman,"Dep-time,norman",Recovery_Date,,Recovery date,Recovery time,Recovery_Ship,Deployed_Days,,inclination,Comments,,,,,,,,,,,,
1995-04-02,,,C,,,Unknown,,,4/2/1995,0:30:00,4/2/1995,0:30:00,11/30/1995,0:00:00,11/30/1995,0:00:00,,,4.73,4.73,-,-,28.80915,94.7521,4.73,,-,,,,,,57
1995-04-03,,,B,,,Unknown,,,4/3/1995,0:00:00,4/3/1995,0:00:00,8/23/1995,15:00:00,8/23/1995,15:00:00,,,4.82,4.82,-,-,28.98283,94.9162,4.82,,-,,,,,,9
1995-06-01,,,E,,,Unknown,,,6/1/1995,0:00:00,6/1/1995,0:00:00,1/16/1996,14:00:00,1/16/1996,14:00:00,,,6,6,-,-,27.3383,97.1,6,,-,,,,,,103
1995-06-12,,,D,,,Unknown,,,6/12/1995,18:30:00,6/12/1995,18:30:00,9/10/1995,0:00:00,9/10/1995,0:00:00,,,5.85,5.85,-,-,27.93295,96.8076,5.85,,-,,,,,,62
1995-06-21,,,A,,,Unknown,,,6/21/1995,17:00:00,6/21/1995,17:00:00,7/9/1995,23:30:00,7/9/1995,23:30:00,,,4.17,4.17,Faulty_compass,Faulty_compass,29.5325,93.81222,4.17,,Faulty_compass,,,,,,1
1995-08-12,,,A,,,B-1223,,,8/12/1995,0:00:00,8/12/1995,0:00:00,10/8/1995,23:30:00,10/8/1995,23:30:00,,,4.17,4.17,-,-,29.5325,93.81222,4.17,,-,,,,,,2
1995-08-31,,,B,,,Unknown,,,8/31/1995,18:30:00,8/31/1995,18:30:00,1/10/1996,0:00:00,1/10/1996,0:00:00,,,4.82,4.82,-,-,28.98283,94.9162,4.82,,-,,,,,,10
1995-09-01,40014-1995-09-01,167,A,40014,,B-1223,Zcom,R/V Gyre,9/1/1995,,9/1/1995,,9/19/1995,,9/19/1995,,R/V Gyre,18,,,,,,,,,,,,,,,
1995-09-10,,,D,,,B-1293,,,9/10/1995,6:00:00,9/10/1995,6:00:00,1/9/1996,23:30:00,1/9/1996,23:30:00,,,5.85,5.85,-,-,27.93295,96.8076,5.85,,-,,,,,,63
1995-11-30,40017-1995-11-30,205,C,40017,,Unknown,Microcom,M/V Spree,11/30/1995,,11/30/1995,0:00:00,2/6/1996,,2/6/1996,0:00:00,M/V Spree,68,,4.73,-,,,,,,,,,,,,
1995-12-04,40015-1995-12-04,212,D,40015,,B-1293,Microcom,M/V Spree,12/4/1995,,12/4/1995,,1/10/1996,,1/10/1996,,M/V Spree,37,,,,,,,,,,,,,,,
1996-01-10,40014-1996-10-02,172,B,40014,,Unknown,Microcom ,Texas Responder,1/10/1996,,1/10/1996,0:00:00,3/21/1996,,3/21/1996,0:00:00,Texas Responder,71,,4.73,-,,,,,,,,,,,,
1996-01-10,,,D,,,Unknown,,,1/10/1996,0:00:00,1/10/1996,0:00:00,3/21/1996,0:00:00,3/21/1996,0:00:00,,,5.77,5.77,-,-,27.93295,96.8076,5.77,,-,,,,,,64
1996-02-02,40018-1996-02-02,230,E,40018,,B-1311,Microcom,Lone Star Responder,2/2/1996,,2/2/1996,,6/5/1996,,6/5/1996,,Lone Star Responder,124,,,,,,,,,,,,,,,
1996-02-06,40016-1996-02-06,203,C,40016,,B-1286,Microcom,M/V Spree,2/6/1996,,2/6/1996,0:00:00,4/2/1996,,4/2/1996,20:00:00,M/V Spree,56,,4.63,-,,,,,,,,,,,,
1996-02-22,40017-1996-02-22,245,F,40017,,,Microcom,M/V Spree,2/22/1996,,2/22/1996,,8/7/1996,,8/7/1996,,M/V Spree,167,,,,,,,,,,,,,,,
1996-02-23,,,F,,,Unknown,,,2/23/1996,0:00:00,2/23/1996,0:00:00,8/7/1996,13:00:00,8/7/1996,13:00:00,,,4.35,4.35,-,-,28.836,94.2355,4.35,,-,,,,,,104
1996-03-21,40015-1996-03-21,176,B,40015,,B-1293,Microcom,M/V Spree,3/21/1996,,3/21/1996,0:00:00,5/22/1996,,5/22/1996,0:00:00,M/V Spree,62,,4.73,-,,,,,,,,,,,,
1996-03-21,50039-1996-03-21,215,D,50039,,B-1393,Microcom,M/V Spree,3/21/1996,,3/21/1996,0:00:00,7/25/1996,,7/25/1996,6:00:00,Lone Star Responder,126,,5.77,-,,,,,,,,,,,,
1996-04-02,50038-1996-04-02,206,C,50038,,Unknown,Microcom,M/V Spree,4/2/1996,,4/2/1996,20:00:00,6/20/1996,,6/20/1996,12:30:00,Texas Responder,79,,4.63,Bad_temperature_record,,,,,,,,,,,,
1996-04-17,40015-1996-08-14,169,A,40015,,B-1293,Microcom,Gulf Coast Resp,4/17/1996,,4/17/1996,16:00:00,6/14/1996,,6/14/1996,12:30:00,M/V Spree,58,,4.07,-,,,,,,,,,,,,
1996-05-22,50040-1996-05-22,180,B,50040,,B-1396,Microcom,Texas Responder,5/22/1996,,5/22/1996,0:00:00,7/17/1996,,7/17/1996,0:00:00,Texas Responder,56,,4.73,-,,,,,,,,,,,,
1996-06-14,40014-1996-06-14,166,A,40014,,B-1223,Microcom ,M/V Spree,6/14/1996,,6/14/1996,12:30:00,8/14/1996,,8/14/1996,0:00:00,Gulf Coast Resp,61,,4.07,-,,,,,,,,,,,,
1996-06-20,40018-1996-06-20,204,C,40018,,B-1311,Microcom,Texas Responder,6/20/1996,,6/20/1996,16:30:00,3/20/1997,,3/20/1997,0:00:00,Texas Responder,273,,4.63,Data_stops_on_11/29/1996,,,,,,,,,,,,
1996-07-17,40016-1996-07-17,174,B,40016,,B-1286,Microcom,Texas Responder,7/17/1996,,7/17/1996,0:00:00,8/7/1996,,8/7/1996,0:00:00,Texas Responder,21,,4.73,-,,,,,,,,,,,,
1996-07-25,50040-1996-07-25,216,D,50040,,B-1396,Microcom,Lone Star Responder,7/25/1996,,7/25/1996,6:00:00,8/27/1996,,8/27/1996,15:30:00,Lone Star Responder,33,,5.77,No_data_in_the_record,,,,,,,,,,,,
1996-08-07,50038-1996-08-07,200,B,50038,,Unknown,Microcom,M/V Spree,8/7/1996,,8/7/1996,0:00:00,11/12/1996,,11/12/1996,0:00:00,M/V Spree,97,,4.73,-,,,,,,,,,,,,
1996-08-07,50039-1996-08-07,232,F,50039,,B-1393,Microcom,M/V Spree,8/7/1996,,8/7/1996,13:00:00,11/12/1996,,11/12/1996,0:00:00,M/V Spree,97,,4.35,-,,,,,,,,,,,,
1996-08-14,40015-1995-08-14,168,A,40015,,B-1293,Microcom,Gulf Coast Resp,8/14/1996,,8/14/1996,0:00:00,9/11/1996,,9/11/1996,18:00:00,Gulf Coast Resp,28,,4.07,-,,,,,,,,,,,,
1996-08-27,40014-1996-08-27,211,D,40014,,B-1223,Microcom,Lone Star Responder,8/27/1996,,8/27/1996,15:30:00,1/21/1997,,1/21/1997,0:00:00,M/V Fling,147,,5.77,-,,,,,,,,,,,,
1996-09-11,50040-1996-09-11,170,A,50040,,B-1396,Microcom,Gulf Coast Resp,9/11/1996,,9/11/1996,18:00:00,10/2/1996,,10/2/1996,14:00:00,M/V Spree,21,,4.07,-,,,,,,,,,,,,
1996-10-02,40017-1996-10-02,171,A,40017,,Unknown,Microcom,M/V Spree,10/2/1996,,10/2/1996,14:00:00,3/31/1997,,3/31/1997,0:00:00,Powell,180,,4.07,-,,,,,,,,,,,,
1996-11-12,40015-1996-11-12,175,B,40015,,B-1293,Microcom,M/V Spree,11/12/1996,,11/12/1996,0:00:00,5/21/1997,,5/21/1997,0:00:00,M/V Spree,190,,4.63,-,,,,,,,,,,,,
1996-11-12,50040-1996-11-12,234,F,50040,,B-1396,Microcom,M/V Spree,11/12/1996,,11/12/1996,0:00:00,3/25/1997,,3/25/1997,13:00:00,Powell,133,,4.35,-,,,,,,,,,,,,
1997-01-21,50039-1997-01-21,214,D,50039,,B-1393,Microcom,M/V Fling,1/21/1997,,1/21/1997,0:00:00,6/25/1997,,6/24/1997,0:00:00,Lone Star Responder,155,,5.68,-,,,,,,,,,,,,
1997-03-11,40014-1997-03-11,247,G,40014,,B-1223,Microcom,Gulf Coast Resp,3/11/1997,,3/11/1997,17:30:00,5/21/1997,,5/21/1997,0:00:00,M/V Spree,71,,3.75,-,,,,,,,,,,,,
1997-03-25,50038-1997-03-25,246,F,50038,,Unknown,Microcom,Powell,3/25/1997,,3/26/1997,1:00:00,12/10/1997,,12/10/1997,11:00:00,missing,260,,4.25,Flooded_SeaPac,,,,,,,,,,,,
1997-05-21,40017-1997-05-21,199,B,40017,,B-1393,Microcom,M/V Spree,5/21/1997,,5/21/1997,0:00:00,7/23/1997,,7/18/1997,5:30:00,Texas Responder,63,,4.63,-,,,,,,,,,,,,
1997-05-21,50040-1997-05-21,250,G,50040,,B-1396,Microcom,M/V Spree,5/21/1997,,5/21/1997,0:00:00,10/27/1997,,10/27/1997,0:00:00,R/V Gyre,159,,3.75,-,,,,,,,,,,,,
1997-06-02,40015-1997-06-02,251,H,40015,,-,Microcom,M/V Spree,6/2/1997,,6/5/1997,0:00:00,10/29/1997,,10/29/1997,0:00:00,M/V Spree,149,,5.55,-,,,,,,,,,,,,
1997-06-25,40018-1997-06-25,213,D,40018,,B-1311,Microcom,Lone Star Responder,6/25/1997,,6/24/1997,0:00:00,8/20/1997,,8/20/1997,0:00:00,Lone Star Responder,56,,5.68,-,,,,,,,,,,,,
1997-07-23,50039-1997-07-23,178,B,50039,,B-1393,Microcom,Texas Responder,7/23/1997,,7/23/1997,13:30:00,2/20/1998,,2/20/1998,6:30:00,Texas Responder,212,,4.63,Serviced_and_redeployed,,,,,,,,,,,,
1997-08-20,40014-1997-08-20,210,D,40014,,B-1223,Microcom,Lone Star Responder,8/20/1997,,8/20/1997,0:00:00,11/20/1997,,11/20/1997,17:30:00,Lone Star Responder,92,,5.68,Buoy_flooded_on_10/21/1997,,,,,,,,,,,,
1997-10-27,50040-1997-10-27,249,G,50040,,B-1396,Microcom,R/V Gyre,10/27/1997,,10/27/1997,0:00:00,5/23/1998,,5/23/1998,13:00:00,R/V Gyre,208,,3.75,Badly_fouled_sensor.,,,,,,,,,,,,
1997-10-29,40018-1997-10-29,252,H,40018,,-,Microcom,M/V Spree,10/29/1997,,10/29/1997,0:00:00,8/12/1998,,6/22/1998,17:00:00,R/V Longhorn,287,,5.55,-,,,,,,,,,,,,
1997-11-20,40017-1997-11-20,229,D,40017,,Unknown,Microcom,Lone Star Responder,11/20/1997,,11/20/1997,17:30:00,12/10/1997,,12/10/1997,0:00:00,Powell,20,,5.68,Flooded_SeaPac,,,,,,,,,,,,
1997-12-10,40014-1997-12-10,209,D,40014,,B-1223,Microcom,Powell,12/10/1997,,12/10/1997,0:00:00,5/14/1998,,5/14/1998,0:00:00,Lone Star Responder,155,,5.68,-,,,,,,,,,,,,
1997-12-10,40015-1997-12-10,231,F,40015,,B-1293,Microcom,Powell,12/10/1997,,12/10/1997,11:00:00,9/22/1998,,9/22/1998,0:00:00,Texas Responder,286,,4.15,Flooded_cell_link._Data_ceases_after_9/1/1998,,,,,,,,,,,,
1998-01-20,01-1998-01-20,256,I,System 1,,B-1536,Sat,Texas Responder,1/20/1998,,1/20/1998,,2/20/1998,,2/20/1998,,Texas Responder,31,,,,,,,,,,,,,,,
1998-02-20,40016-1998-02-20,173,B,40016,,B-1286,Microcom,Texas Responder,2/20/1998,,2/20/1998,6:30:00,6/15/1998,,6/15/1998,0:00:00,R/V Gyre,115,,4.53,Recovered_drifting,,,,,,,,,,,,
1998-02-20,01-1998-02-20,255,I,System 1,,B-1536,Sat,Texas Responder,2/20/1998,,2/20/1998,,5/2/1998,,5/2/1998,,R/V Gyre,71,,,,,,,,,,,,,,,
1998-04-01,07-1998-04-01,280,N,System 7,,ADCP-016,ZyXell,R/V Gyre,4/1/1998,,4/1/1998,,4/20/1998,,4/20/1998,,R/V Gyre,19,,,,,,,,,,,,,,,
1998-04-20,06-1998-04-20,274,L,System 6,,B-1509,Sat,R/V Gyre,4/20/1998,,4/20/1998,4:00:00,10/28/1998,,10/28/1998,18:30:00,R/V Gyre,191,,4.15,-,,,,,,,,,,,,
1998-04-20,04-1998-04-20,275,M,System 4,,B-1507,ZyXell,R/V Gyre,4/20/1998,,4/20/1998,,10/28/1998,,10/28/1998,,R/V Gyre,191,,,,,,,,,,,,,,,
1998-04-20,07-1998-04-20,279,N,System 7,,ADCP-016,ZyXell,R/V Gyre,4/20/1998,,4/20/1998,,4/23/1998,,4/23/1998,,R/V Gyre,3,,,,,,,,,,,,,,,
1998-05-13,01-1998-05-13,260,J,System 1,,B-1536,Sat,Lone Star Responder,5/13/1998,,5/13/1998,16:00:00,8/11/1998,,8/11/1998,0:00:00,R/V Longhorn,90,,5.73,Hit_by_ship._Data_ceases_after_7/16/1998.,,,,,,,,,,,,
1998-05-13,03-1998-05-13,270,K,System 3,,B-1492,Sat,Lone Star Responder,5/13/1998,,5/13/1998,,8/11/1998,,8/11/1998,,R/V Longhorn,90,,,,,,,,,,,,,,,
1998-05-14,40014-1998-05-14,208,D,40014,,B-1223,Microcom ,Lone Star Responder,5/14/1998,,5/14/1998,0:00:00,8/12/1998,,8/12/1998,11:30:00,R/V Longhorn,90,,5.58,Data_suspect_after_7/1/1996?,,,,,,,,,,,,
1998-05-15,,,K,,,B-1492,,,5/15/1998,2:00:00,5/15/1998,2:00:00,8/11/1998,0:00:00,8/11/1998,0:00:00,,,5.47,5.47,Damaged_by_collision._Data_ceases_on_7/1/1998,Damaged_by_collision._Data_ceases_on_7/1/1998,26.21667,96.49917,5.47,,Damaged_by_collision._Data_ceases_on_7/1/1998,,,,,,167
1998-05-23,50039-1998-05-23,248,G,50039,,B-1293,Microcom,R/V Gyre,5/23/1998,,5/23/1998,13:00:00,6/15/1998,,6/15/1998,13:00:00,R/V Gyre,23,,3.65,Flooded_sensor.,,,,,,,,,,,,
1998-05-24,07-1998-05-24,278,N,System 7,,ADCP-003,ZyXell,R/V Gyre,5/24/1998,,5/24/1998,,10/28/1998,,10/28/1998,,R/V Gyre,157,,,,,,,,,,,,,,,
1998-06-15,50039-1998-06-15,177,B,50039,,B-1393,Microcom,R/V Gyre,6/15/1998,,6/15/1998,0:00:00,7/6/1998,,7/2/1998,0:30:00,Texas Responder,21,,4.53,-,,,,,,,,,,,,
1998-07-07,,,B,,,B-1396,,,7/7/1998,12:30:00,7/7/1998,12:30:00,9/22/1998,18:00:00,9/22/1998,18:00:00,,,4.53,4.53,Flooded_cell_link,Flooded_cell_link,28.98283,94.9162,4.53,,Flooded_cell_link,,,,,,21
1998-07-09,50040-1998-07-09,179,B,50040,,B-1396,Microcom,Texas Responder,7/9/1998,,7/9/1998,,9/22/1998,,9/22/1998,,Texas Responder,75,,,,,,,,,,,,,,,
1998-07-21,05-1998-07-21,287,P,System 5,,B-1508,Sat,R/V Gyre,7/21/1998,,7/21/1998,,11/24/1998,,11/24/1998,,R/V Gyre,126,,,,,,,,,,,,,,,
1998-07-21,40016-1998-07-21,289,R,40016,,B-1286,Microcom,R/V Gyre,7/21/1998,,7/21/1998,11:00:00,9/25/1998,,9/25/1998,0:00:00,Truck,66,,3.75,Recovered_on_Matagorda_Island,,,,,,,,,,,,
1998-07-22,,,P,,,B-1508,,,7/22/1998,0:00:00,7/22/1998,0:00:00,11/25/1998,15:00:00,11/25/1998,15:00:00,,,3.22,3.22,#NAME?,#NAME?,29.1662,92.73652,3.22,,#NAME?,,,,,,202
1998-08-12,50039-1998-08-12,217,D,50039,,B-1523,Microcom,R/V Longhorn,8/12/1998,,8/12/1998,19:30:00,10/14/1998,,10/13/1998,12:30:00,Lone Star Responder,63,,5.58,All_data_bad._Faulty_connector_to_MMI,,,,,,,,,,,,
1998-09-22,80086-1998-09-22,187,B,80086,,B-1529,Microcom,Texas Responder,9/22/1998,,9/22/1998,,10/29/1998,,10/29/1998,,R/V Gyre,37,,,,,,,,,,,,,,,
1998-09-23,,,B,,,B-1529,,,9/23/1998,11:30:00,9/23/1998,11:30:00,10/29/1998,13:30:00,10/29/1998,13:30:00,,,4.53,4.53,-,-,28.98283,94.9162,4.53,,-,,,,,,22
1998-10-14,40014-1998-10-14,207,D,40014,,B-1223,Microcom,Lone Star Responder,10/14/1998,,10/14/1998,17:00:00,2/19/1999,,2/18/1999,1:00:00,R/V Glorita,128,,5.58,Bad_data_after_12/9/1998,,,,,,,,,,,,
1998-10-14,02-1998-10-14,259,J,System 2,,B-1533,Sat,Lone Star Responder,10/14/1998,,10/14/1998,,2/18/1999,,2/18/1999,,R/V Glorita,127,,,,,,,,,,,,,,,
1998-10-14,03-1998-10-14,269,K,System 3,,B-1492,Sat,Lone Star Responder,10/14/1998,,10/14/1998,,2/18/1999,,2/18/1999,,R/V Glorita,127,,,,,,,,,,,,,,,
1998-10-15,,,J,,,B-1533,,,10/15/1998,0:00:00,10/15/1998,0:00:00,2/17/1999,23:30:00,2/17/1999,23:30:00,,,5.73,5.73,-,-,26.18833,97.05067,5.73,,-,,,,,,143
1998-10-15,,,K,,,B-1492,,,10/15/1998,2:30:00,10/15/1998,2:30:00,2/18/1999,18:00:00,2/18/1999,18:00:00,,,5.47,5.47,Damaged_by_collision,Damaged_by_collision,26.21667,96.49917,5.47,,Damaged_by_collision,,,,,,168
1998-10-28,50040-1998-10-28,233,F,50040,,B-1396,Microcom,R/V Gyre,10/28/1998,,10/28/1998,12:30:00,4/26/1999,,4/26/1999,0:00:00,R/V Gyre,180,,4.15,-,,,,,,,,,,,,
1998-10-30,80086-1998-10-29,186,B,80086,,B-1529,Microcom,R/V Gyre,10/30/1998,16:30:00,10/30/1998,16:30:00,2/14/1999,6:30:00,2/14/1999,6:30:00,R/V Glorita,111,4.53,4.53,Serviced_and_redeployed,Serviced_and_redeployed,28.98283,94.9162,4.53,,Serviced_and_redeployed,,,,,,
1999-02-15,,,B,,,B-1523,,,2/15/1999,1:30:00,2/15/1999,1:30:00,2/17/1999,3:30:00,2/17/1999,3:30:00,,,4.43,4.43,System_3_TABS_II_buoy,System_3_TABS_II_buoy,28.98283,94.9162,4.43,,System_3_TABS_II_buoy,,,,,,24
1999-02-17,50039-1999-02-17,185,B,50039,,B-1523,Motorola,R/V Glorita,2/17/1999,,2/17/1999,,2/19/1999,,2/19/1999,,R/V Glorita,2,,,,,,,,,,,,,,,
1999-02-18,,,D,,,B-1531,,,2/18/1999,1:00:00,2/18/1999,1:00:00,6/7/1999,19:30:00,6/7/1999,19:30:00,,,5.5,5.5,-,-,27.93295,96.8076,5.5,,-,,,,,,76
1999-02-18,06-1999-02-18,261,J,System 6,,B-1509,Sat,R/V Glorita,2/18/1999,,2/18/1999,18:00:00,2/7/2000,,8/22/1999,6:00:00,R/V Longhorn,354,,5.38,Lost_during_Hurricane_Brett._Data_ceases_on_8/22/1,,,,,,,,,,,,
1999-02-18,01-1999-02-18,271,K,System 1,,B-1536,Sat,R/V Glorita,2/18/1999,,2/18/1999,23:00:00,8/16/2000,,2/7/2000,15:00:00,R/V Longhorn,545,,5.65,Failed_postcruise_calibration_test._Data_ceases_af,,,,,,,,,,,,
1999-02-19,03-1999-02-19,183,B,System 3,,B-1492,Sat,R/V Glorita,2/19/1999,,2/19/1999,,2/28/1999,,2/28/1999,,R/V Gyre,9,,,,,,,,,,,,,,,
1999-02-19,40018-1999-02-19,221,D,40018,,B-1531,Motorola,R/V Glorita,2/19/1999,,2/19/1999,,6/7/1999,,6/7/1999,,R/V Longhorn,108,,,,,,,,,,,,,,,
1999-02-19,50039-1999-02-19,302,S,50039,,B-1523,Motorola,R/V Glorita,2/19/1999,,2/19/1999,14:00:00,3/23/1999,,3/23/1999,0:00:00,Truck,32,,3.22,Recovered_on_Matagorda_Island.,,,,,,,,,,,,
1999-02-22,,,B,,,B-1492,,,2/22/1999,5:30:00,2/22/1999,5:30:00,2/28/1999,14:00:00,2/28/1999,14:00:00,,,4.43,4.43,-,-,28.98283,94.9162,4.43,,-,,,,,,25
1999-02-28,40015-01-13-99,1,R,40015,,B-1539,Motorola,R/V Gyre,2/28/1999,,2/28/1999,,8/15/1999,,8/15/1999,,R/V Gyre,168,,,,,,,,,,,,,,,
1999-03-01,05-1999-03-01,276,M,System 5,,B-1359,Sat,R/V Gyre,3/1/1999,,3/1/1999,2:30:00,12/1/1999,,8/15/1999,0:00:00,R/V Gyre,275,,3.65,-,,,,,,,,,,,,
1999-03-01,40016-1999-03-01,286,P,40016,,B-1286,Motorola,R/V Gyre,3/1/1999,,3/1/1999,8:30:00,8/15/1999,,12/1/1999,0:00:00,R/V Gyre,167,,3.12,Failed_postcruise_calibration_test.,,,,,,,,,,,,
1999-03-01,07-1999-03-01,277,N,System 7,,ADCP-003,Sat,R/V Gyre,3/1/1999,,3/1/1999,19:00:00,12/1/1999,,8/15/1999,2:00:00,R/V Gyre,275,,3.98,Data_ceases_after_9/12/1999,,,,,,,,,,,,
1999-03-02,,,M,,,B-1508,,,3/2/1999,0:00:00,3/2/1999,0:00:00,12/1/1999,1:30:00,12/1/1999,1:30:00,,,4.05,4.05,-,-,28.19205,94.19138,4.05,,-,,,,,,183
1999-03-02,,,B,,,Unknown,,,3/2/1999,7:30:00,3/2/1999,7:30:00,4/26/1999,0:00:00,4/26/1999,0:00:00,,,4.43,4.43,-,-,28.98283,94.9162,4.43,,-,,,,,,26
1999-03-23,,,S,,,Unknown,,,3/23/1999,0:00:00,3/23/1999,0:00:00,4/26/1999,0:00:00,4/26/1999,0:00:00,,,3.22,3.22,-,-,28.43642,92.81115,3.22,,-,,,,,,235
1999-04-25,02-1999-04-25,182,B,System 2,,B-1433,Sat,R/V Gyre,4/25/1999,,4/25/1999,,8/14/1999,,8/14/1999,,R/V Gyre,111,,,,,,,,,,,,,,,
1999-04-26,,,B,,,B-1433,,,4/26/1999,0:00:00,4/26/1999,0:00:00,8/15/1999,21:00:00,8/15/1999,21:00:00,,,4.43,4.43,-,-,28.98283,94.9162,4.43,,-,,,,,,27
1999-04-26,80086-1999-11-12,235,F,80086,,B-1529,Motorola,R/V Gyre,4/26/1999,,4/26/1999,0:00:00,8/14/1999,,8/16/1999,4:00:00,R/V Gyre,110,,4.05,-,,,,,,,,,,,,
1999-04-26,50039-1999-04-26,301,S,50039,,B-1523,Motorola,R/V Gyre,4/26/1999,,4/26/1999,0:00:00,6/7/1999,,6/8/1999,4:00:00,R/V Longhorn,42,,3.22,-,,,,,,,,,,,,
1999-06-07,40018-1999-06-07,306,S,40018,,B-1531,Motorola,R/V Longhorn,6/7/1999,,6/7/1999,,12/14/1999,,12/14/1999,,R/V Longhorn,190,,,,,,,,,,,,,,,
1999-06-08,,,S,,,B-1531,,,6/8/1999,4:00:00,6/8/1999,4:00:00,12/14/1999,20:00:00,12/14/1999,20:00:00,,,3.22,3.22,Recovered_on_the_beach_south_of_Corpus_Christi.,Recovered_on_the_beach_south_of_Corpus_Christi.,28.43642,92.81115,3.22,,Recovered_on_the_beach_south_of_Corpus_Christi.,,,,,,237
1999-08-14,03-1999-08-14,189,B,System 3,,B-1558,Sat,R/V Gyre,8/14/1999,,8/14/1999,,2/20/2000,,2/20/2000,,R/V Gyre,190,,,,,,,,,,,,,,,
1999-08-14,50040-1999-08-14,238,F,50040,,B-1560,Motorola,R/V Gyre,8/14/1999,,8/14/1999,,12/1/1999,,12/1/1999,,R/V Gyre, ,,,,,,,,,,,,,,,
1999-08-15,40014-1999-08-15,288,P,40014,,Unknown,Motorola,R/V Gyre,8/15/1999,,8/15/1999,0:00:00,2/19/2000,,2/19/2000,16:30:00,R/V Gyre,188,,3.12,-,,,,,,,,,,,,
1999-08-15,50039-1999-08-15,291,R,50039,,B-1559,Motorola,R/V Gyre,8/15/1999,,8/15/1999,0:00:00,2/19/2000,,2/19/2000,9:30:00,R/V Gyre,188,,3.65,Sensor_failed_during_postcruise_calibration_test._,,,,,,,,,,,,
1999-08-16,,,F,,,B-1560,,,8/16/1999,4:00:00,8/16/1999,4:00:00,12/1/1999,0:00:00,12/1/1999,0:00:00,,,4.05,4.05,No_data_in_the_record,No_data_in_the_record,28.836,94.2355,4.05,,No_data_in_the_record,,,,,,111
1999-08-16,,,B,,,B-1558,,,8/16/1999,4:30:00,8/16/1999,4:30:00,2/20/2000,0:00:00,2/20/2000,0:00:00,,,4.43,4.43,-,-,28.98283,94.9162,4.43,,-,,,,,,28
1999-09-29,40016-1999-09-29,223,D,40016,,B-1561,Motorola,R/V Longhorn,9/29/1999,,9/29/1999,,2/6/2000,,2/6/2000,,R/V Longhorn,130,,,,,,,,,,,,,,,
1999-10-01,,,D,,,B-1561,,,10/1/1999,16:00:00,10/1/1999,16:00:00,2/7/2000,0:00:00,2/7/2000,0:00:00,,,5.5,5.5,Data_stops_on_01/01/2000,Data_stops_on_01/01/2000,27.93295,96.8076,5.5,,Data_stops_on_01/01/2000,,,,,,77
1999-12-01,40015-1999-12-01,236,F,40015,,B-1539,Motorola,R/V Gyre,12/1/1999,,12/1/1999,8:00:00,2/18/2000,,2/18/2000,0:00:00,R/V Gyre,79,,3.95,-,,,,,,,,,,,,
1999-12-14,80086-1999-12-14,304,S,80086,,B-1529,Motorola,R/V Longhorn,12/14/1999,,12/14/1999,20:00:00,6/2/2000,,6/4/2000,16:00:00,R/V Longhorn,171,,3.1,-,,,,,,,,,,,,
1999-12-15,04-1999-12-15,202,B2,System 4,,DCS3500,Sat,R/V Longhorn,12/15/1999,,12/15/1999,,1/13/2000,,1/13/2000,,R/V Gyre,29,,,,,,,,,,,,,,,
2000-02-06,40018-2000-02-06,220,D,40018,,B-1531,Motorola,R/V Longhorn,2/6/2000,,2/6/2000,,7/14/2000,,7/14/2000,,R/V Longhorn,159,,,,,,,,,,,,,,,
2000-02-07,,,D,,,B-1531,,,2/7/2000,0:00:00,2/7/2000,0:00:00,7/14/2000,1:30:00,7/14/2000,1:30:00,,,5.42,5.42,-,-,27.93295,96.8076,5.42,,-,,,,,,78
2000-02-07,02-2000-02-07,258,J,System 2,,B-1433,Sat,R/V Longhorn,2/7/2000,,2/7/2000,15:00:00,4/7/2000,,4/17/2000,0:00:00,R/V Longhorn,60,,5.57,Recovered_drifting.,,,,,,,,,,,,
2000-02-18,,,F,,,Unknown,,,2/18/2000,0:00:00,2/18/2000,0:00:00,9/28/2000,7:00:00,9/28/2000,7:00:00,,,3.95,3.95,-.,-.,28.836,94.2355,3.95,,-.,,,,,,113
2000-02-19,50040-2000-02-19,292,R,50040,,B-1560,Motorola,R/V Gyre,2/19/2000,,2/19/2000,9:30:00,10/8/2002,,6/2/2000,11:30:00,Truck,962,,3.53,Buoy_lost._Last_communicated_on_4/11/2000.,,,,,,,,,,,,
2000-02-20,05-1999-02-20,184,B,System 5,,B-1508,Sat,R/V Gyre,2/20/2000,,2/20/2000,0:00:00,7/2/2000,,6/2/2000,1:00:00,R/V Gyre,133,,4.33,-,,,,,,,,,,,,
2000-04-17,,,J,,,Unknown,,,4/17/2000,0:00:00,4/17/2000,0:00:00,9/25/2000,6:00:00,9/25/2000,6:00:00,,,5.57,5.57,Recovered_drifting.,Recovered_drifting.,26.18833,97.05067,5.57,,Recovered_drifting.,,,,,,146
2000-06-01,40016-2000-06-01,294,R,40016,,B-1561,Motorola,R/V Longhorn,6/1/2000,,6/1/2000,,9/7/2000,,9/7/2000,,R/V Longhorn,98,,,,,,,,,,,,,,,
2000-06-02,,,R,,,B-1561,,,6/2/2000,11:30:00,6/2/2000,11:30:00,9/8/2000,13:30:00,9/8/2000,13:30:00,,,3.53,3.53,Data_ceases_on_7/23/2000.,Data_ceases_on_7/23/2000.,29.64728,93.63947,3.53,,Data_ceases_on_7/23/2000.,,,,,,209
2000-06-02,04-2000-06-02,201,B2,System 4,,DCS3500,Sat,R/V Longhorn,6/2/2000,,6/2/2000,,11/20/2000,,11/20/2000,,R/V Gyre,171,,,,,,,,,,,,,,,
2000-06-02,,,B,,,DCS3500,,,6/2/2000,1:00:00,6/2/2000,1:00:00,11/20/2000,4:30:00,11/20/2000,4:30:00,,,4.33,4.33,Data_is_from_Buoy_B2,Data_is_from_Buoy_B2,28.98283,94.9162,4.33,,Data_is_from_Buoy_B2,,,,,,30
2000-06-04,,,S,,,Unknown,,,6/4/2000,16:00:00,6/4/2000,16:00:00,7/20/2000,0:00:00,7/20/2000,0:00:00,,,3.1,3.1,-,-,28.43642,92.81115,3.1,,-,,,,,,239
2000-07-14,40015-2000-07-14,222,D,40015,,B-1539,Motorola,R/V Longhorn,7/14/2000,,7/14/2000,1:30:00,11/30/2000,,11/30/2000,20:00:00,missing,139,,5.42,Lost_on_11/30/2000,,,,,,,,,,,,
2000-07-20,40018-2000-07-20,305,S,40018,,B-1531,Motorola,R/V Longhorn,7/20/2000,,7/20/2000,0:00:00,12/27/2000,,9/7/2000,13:00:00,R/V Longhorn,160,,3.1,Recovered_on_San_Jose_Island.,,,,,,,,,,,,
2000-09-07,,,S,,,B-1529,,,9/7/2000,13:00:00,9/7/2000,13:00:00,12/19/2000,0:00:00,12/19/2000,0:00:00,,,3.1,3.1,Went_adrift_on_12/17/2000.,Went_adrift_on_12/17/2000.,28.43642,92.81115,3.1,,Went_adrift_on_12/17/2000.,,,,,,241
2000-09-07,80086-2000-09-07,303,S,80086,,B-1529,Motorola,R/V Longhorn,9/7/2000,,9/7/2000,,12/19/2000,,12/19/2000,,Coast Guard,103,,,,,,,,,,,,,,,
2000-09-07,40014-2000-09-07,290,R,40014,,B-1557,Motorola,R/V Longhorn,9/7/2000,,9/7/2000,,9/25/2000,,9/25/2000,,R/V Gyre,18,,,,,,,,,,,,,,,
2000-09-08,,,R,,,B-1557,,,9/8/2000,13:30:00,9/8/2000,13:30:00,9/25/2000,14:30:00,9/25/2000,14:30:00,,,3.53,3.53,Lost_communications._Broken_cellular_antenna.,Lost_communications._Broken_cellular_antenna.,29.64728,93.63947,3.53,,Lost_communications._Broken_cellular_antenna.,,,,,,210
2000-10-21,02-2000-10-21,257,J,System 2,,B-1433,Sat,R/V Longhorn,10/21/2000,,10/21/2000,13:00:00,4/26/2001,,4/27/2001,13:30:00,R/V Longhorn,187,,5.57,Velocity_data_ceases_after_3/28/2001.,,,,,,,,,,,,
2000-11-20,,,B,,,B-1558,,,11/20/2000,20:00:00,11/20/2000,20:00:00,5/2/2001,0:00:00,5/2/2001,0:00:00,,,4.33,4.33,-,-,28.98283,94.9162,4.33,,-,,,,,,31
2000-11-21,03-2000-11-21,188,B,System 3,,B-1557,Sat,R/V Gyre,11/21/2000,,11/21/2000,5:30:00,5/2/2001,,3/25/2001,13:00:00,R/V Longhorn,162,,3.95,-,,,,,,,,,,,,
2000-11-21,40014-2000-11-21,237,F,40014,,B-1561,Motorola,R/V Gyre,11/21/2000,,11/21/2000,8:30:00,3/26/2001,,3/27/2001,5:00:00,R/V Gyre,125,,3.53,Data_ceases_on_12/24/2000.,,,,,,,,,,,,
2000-11-22,40016-2000-11-22,293,R,40016,,B-1561,Motorola,R/V Gyre,11/22/2000,,11/22/2000,,3/26/2001,,3/26/2001,,R/V Gyre,124,,,,,,,,,,,,,,,
2000-11-30,80085-2000-11-30,219,D,80085,,B-1528,Motorola,R/V Longhorn,11/30/2000,,11/30/2000,20:00:00,4/4/2001,,4/5/2001,3:00:00,Truck,125,,5.42,Recovered_on_shore._Mooring_cut,,,,,,,,,,,,
2001-02-19,06-2001-02-19,310,T,System 6,,1500,Sat,R/V Pelican,2/19/2001,,2/19/2001,,5/23/2001,,5/23/2001,,R/V Pelican,93,,,,,,,,,,,,,,,
2001-02-19,05-2001-02-19,313,U,System 5,,ADCP-1033,Sat,R/V Pelican,2/19/2001,,2/19/2001,,3/24/2001,,3/24/2001,,R/V Gyre,33,,,,,,,,,,,,,,,
2001-03-21,80086-2001-03-21,240,F,80086,16,DCS/16,Motorola,R/V Gyre,3/21/2001,,3/21/2001,,6/19/2001,,6/19/2001,,R/V Gyre,90,,,,,,,,,,,,,,,
2001-03-21,07-2001-03-21,314,V,System 7,,ADCP003,Sat,R/V Gyre,3/21/2001,,3/21/2001,0:00:00,9/23/2001,,9/23/2001,22:30:00,R/V Gyre,186,,4.75,Data_from_first_bin_of_ADCP,,,,,,,,,,,,
2001-03-26,50039-2001-03-26,296,R,50039,17,DCS/17,Motorola,R/V Gyre,3/26/2001,,3/26/2001,,9/23/2001,,9/23/2001,,R/V Gyre,181,,,,,,,,,,,,,,,
2001-03-27,,,R,,,DCS3900,,,3/27/2001,5:00:00,3/27/2001,5:00:00,9/23/2001,0:00:00,9/23/2001,0:00:00,,,3.43,3.43,-,-,29.64728,93.63947,3.43,,-,,,,,,212
2001-03-27,40018-2001-03-27,307,S,40018,20,DCS3500,Motorola,R/V Gyre,3/27/2001,,3/27/2001,12:00:00,7/26/2001,,7/26/2001,0:00:00,R/V Longhorn,121,,3,Recovered_with_bent_hull._Site_discontinued_in_fav,,,,,,,,,,,,
2001-03-28,,,F,,,DCS3900,,,3/28/2001,13:00:00,3/28/2001,13:00:00,6/19/2001,0:00:00,6/19/2001,0:00:00,,,3.83,3.83,Stopped_communicating._Data_ceases_after_5/18/2001,Stopped_communicating._Data_ceases_after_5/18/2001,28.836,94.2355,3.83,,Stopped_communicating._Data_ceases_after_5/18/2001,,,,,,115
2001-04-17,01-2001-04-17,268,J,System 1,,,Sat,R/V Longhorn,4/17/2001,,4/17/2001,,9/25/2001,,9/25/2001,,R/V Longhorn,161,,,,,,,,,,,,,,,
2001-04-26,004-04-10-01,102,J,System 4,,DCS,Sat,R/V Longhorn,4/26/2001,,4/26/2001,,5/10/2001,,5/10/2001,,R/V Longhorn,14,,,,,,,,,,,,,,,
2001-04-27,,,J,,,DCS3900,,,4/27/2001,13:30:00,4/27/2001,13:30:00,5/10/2001,13:30:00,5/10/2001,13:30:00,,,5.48,5.48,Hit_by_ship._Data_ceases_on_4/30/2001.,Hit_by_ship._Data_ceases_on_4/30/2001.,26.18833,97.05067,5.48,,Hit_by_ship._Data_ceases_on_4/30/2001.,,,,,,148
2001-05-10,03-2001-05-10,265,J,System 3,45,DCS3900,Sat,R/V Longhorn,5/10/2001,,5/10/2001,13:30:00,11/27/2001,,11/27/2001,14:00:00,R/V Longhorn,201,,5.48,RSM_clock_error._Since_repaired.,,,,,,,,,,,,
2001-05-11,02-2001-05-11,181,B,System 2,,B-1433,Sat,R/V Longhorn,5/11/2001,,5/11/2001,13:00:00,7/8/2001,,7/9/2001,6:00:00,R/V Glorita,58,,4.23,Barnacles_on_two_poles.,,,,,,,,,,,,
2001-05-11,80085-2001-05-11,218,D,80085,,B-1528,Motorola,R/V Longhorn,5/11/2001,,5/11/2001,,8/16/2001,,8/16/2001,,R/V Longhorn,97,,,,,,,,,,,,,,,
2001-05-12,,,D,,,B-1528,,,5/12/2001,1:00:00,5/12/2001,1:00:00,8/16/2001,0:00:00,8/16/2001,0:00:00,,,5.33,5.33,Recovered_6_nmi_off_location,Recovered_6_nmi_off_location,27.93295,96.8076,5.33,,Recovered_6_nmi_off_location,,,,,,81
2001-05-23,06-2001-05-23,309,T,System 6,,1500,Sat,R/V Pelican,5/23/2001,,5/23/2001,,7/26/2001,,7/26/2001,,Tommy Munroe,64,,,,,,,,,,,,,,,
2001-05-23,05-2001-05-23,312,U,System 5,,ADCP-1033,Sat,R/V Pelican,5/23/2001,,5/23/2001,,7/26/2001,,7/26/2001,,Tommy Munroe,64,,,,,,,,,,,,,,,
2001-07-08,80086-2001-07-08,239,F,80086,16,DCS/16,Motorola,R/V Glorita,7/8/2001,,7/8/2001,,9/23/2001,,9/23/2001,,R/V Gyre,77,,,,,,,,,,,,,,,
2001-07-09,,,F,,,DCS3900,,,7/9/2001,2:30:00,7/9/2001,2:30:00,9/22/2001,18:00:00,9/22/2001,18:00:00,,,3.83,3.83,New_top_design._Data_ceases_after_7/30/2001,New_top_design._Data_ceases_after_7/30/2001,28.836,94.2355,3.83,,New_top_design._Data_ceases_after_7/30/2001,,,,,,116
2001-07-17,04-2001-07-17,324,X,System 4,,DCS43/ADCP,Motorola,USNS Sumner,7/17/2001,,7/17/2001,,11/26/2001,,11/26/2001,,USNS Salvor,132,,,,,,,,,,,,,,,
2001-07-17,40014-2001-07-17,325,Y,40014,42,DCS/42,Motorola,USNS Sumner,7/17/2001,,7/17/2001,,11/26/2001,,11/26/2001,,USNS Salvor,132,,,,,,,,,,,,,,,
2001-07-26,02-2001-07-26,198,B,System 2,44,DCS/44,Sat,R/V Longhorn,7/26/2001,,7/26/2001,,1/21/2002,,1/21/2002,,R/V Gyre,179,,,,,,,,,,,,,,,
2001-07-27,,,B,,,DCS3900,,,7/27/2001,9:00:00,7/27/2001,9:00:00,1/22/2002,13:00:00,1/22/2002,13:00:00,,,4.23,4.23,-,-,28.98283,94.9162,4.23,,-,,,,,,33
2001-08-16,40016-2001-08-16,228,D,40016,72,DCS-72,Motorola,R/V Longhorn,8/16/2001,,8/16/2001,0:00:00,12/11/2001,,12/11/2001,21:00:00,R/V Longhorn,117,,5.33,-,,,,,,,,,,,,
2001-09-22,111-2001-09-22,244,F,111,73,DCS3900,Motorola,R/V Gyre,9/22/2001,,9/22/2001,18:00:00,4/17/2002,,4/17/2002,0:00:00,R/V Gyre,207,,3.83,-,,,,,,,,,,,,
2001-09-23,40018-2001-09-23,297,R,40018,20,DCS3900,Motorola,R/V Gyre,9/23/2001,,9/23/2001,0:00:00,1/23/2002,,1/23/2002,0:00:00,R/V Gyre,122,,3.43,-,,,,,,,,,,,,
2001-10-06,06-2001-10-06,308,T,System 6,1500,1500,Sat,R/V Pelican,10/6/2001,,10/6/2001,,1/30/2002,,1/30/2002,,Tommy Munroe,116,,,,,,,,,,,,,,,
2001-10-07,05-2001-10-07,311,U,System 5,,ADCP-1033,Sat,R/V Pelican,10/7/2001,,10/7/2001,,1/30/2002,,1/30/2002,,Tommy Munroe,115,,,,,,,,,,,,,,,
2001-11-27,01-2001-11-27,267,J,System 1,96,DCS3900,Sat,R/V Longhorn,11/27/2001,,11/27/2001,14:00:00,5/15/2002,,5/15/2002,0:00:00,R/V Longhorn,169,,5.48,-,,,,,,,,,,,,
2001-11-27,109-2001-11-27,321,W,109,31,DCS/31,Motorola,R/V Longhorn,11/27/2001,,11/27/2001,,5/15/2002,,5/15/2002,,R/V Longhorn,169,,,,,,,,,,,,,,,
2001-11-28,,,W,,,DCS3900R,,,11/28/2001,1:00:00,11/28/2001,1:00:00,1/8/2002,23:30:00,1/8/2002,23:30:00,,,3.37,3.37,Wireless_communication_of_data,Wireless_communication_of_data,28.3539,96,3.37,,Wireless_communication_of_data,,,,,,259
2001-12-11,50039-2001-12-11,224,D,50039,17,DCS-17,Motorola,R/V Longhorn,12/11/2001,,12/11/2001,21:00:00,5/15/2002,,5/15/2002,0:00:00,R/V Longhorn,155,,5.33,-,,,,,,,,,,,,
2002-01-22,07-2002-01-22,315,V,System 7,95,DCS095,Sat,R/V Gyre,1/22/2002,,1/22/2002,0:00:00,4/17/2002,,4/17/2002,0:00:00,missing,85,,4.75,-,,,,,,,,,,,,
2002-01-22,016-2002-01-22,282,N,System 16,94,DCS/094,Globalstar,R/V Gyre,1/22/2002,,1/22/2002,,7/12/2002,,7/12/2002,,R/V Gyre,171,,,,,,,,,,,,,,,
2002-01-23,02-2002-01-23,197,B,System 2,44,DCS094,Sat,R/V Gyre,1/23/2002,,1/23/2002,0:30:00,4/15/2002,,7/12/2002,0:00:00,R/V Gyre,82,,3.98,-,,,,,,,,,,,,
2002-01-23,80086-2002-01-23,295,R,80086,16,DCS/16,Motorola,R/V Gyre,1/23/2002,,1/23/2002,,7/13/2002,,7/13/2002,,R/V Gyre,171,,,,,,,,,,,,,,,
2002-01-24,,,B,,,DCS3900,,,1/24/2002,6:00:00,1/24/2002,6:00:00,4/15/2002,0:00:00,4/15/2002,0:00:00,,,4.23,4.23,-,-,28.98283,94.9162,4.23,,-,,,,,,34
2002-04-15,004-02-27-02,103,B,System 4,45,DCS3900,Globalstar,R/V Gyre,4/15/2002,,4/15/2002,0:00:00,7/14/2002,,7/14/2002,0:00:00,R/V Gyre,90,,4.23,-,,,,,,,,,,,,
2002-04-17,40016-03-21-02,40,F,40016,20,DCS3900,Motorola,R/V Gyre,4/17/2002,,4/17/2002,0:00:00,11/9/2002,,9/11/2002,0:00:00,R/V Gyre,206,,3.83,-,,,,,,,,,,,,
2002-04-17,015-04-12-02,141,V,System 15,70,DCS70,Globalstar,R/V Gyre,4/17/2002,,4/17/2002,0:00:00,1/29/2003,,1/29/2003,0:00:00,R/V Gyre,287,,4.75,-,,,,,,,,,,,,
2002-05-14,003-04-22-02,101,K,System 3,19,DCS/19,Globalstar,R/V Longhorn,5/14/2002,,5/14/2002,,8/2/2002,,8/2/2002,,missing,80,,,,,,,,,,,,,,,
2002-05-15,0111-05-03-02,8,W,111,73,DCS/73,Motorola,R/V Longhorn,5/15/2002,,5/15/2002,,7/26/2002,,7/26/2002,,R/V Longhorn,72,,,,,,,,,,,,,,,
2002-05-15,014-05-07-02,139,J,System 14,43,DCS/43,Globalstar,R/V Longhorn,5/15/2002,,5/15/2002,,9/12/2002,,9/12/2002,,R/V Longhorn,120,,,,,,,,,,,,,,,
2002-05-15,40014-04-19-02,23,D,40014,42,DCS-42,Motorola,R/V Longhorn,5/15/2002,,5/15/2002,0:00:00,11/21/2002,,11/21/2002,0:00:00,R/V Longhorn,190,,5.33,-,,,,,,,,,,,,
2002-07-12,006-06-26-02,114,N,System 6,109,DCS109,Globalstar,R/V Gyre,7/12/2002,,7/12/2002,0:00:00,7/25/2002,,7/25/2002,0:00:00,R/V Longhorn,13,,3.98,-,,,,,,,,,,,,
2002-07-13,0110-07-02-02,16,R,110,19,DCS/19,Motorola,R/V Gyre,7/13/2002,,7/13/2002,,11/10/2002,,11/10/2002,,R/V Gyre,120,,,,,,,,,,,,,,,
2002-07-14,002-05-29-02,93,B,System 2,110,DCS3900,Globalstar,R/V Gyre,7/14/2002,,7/14/2002,0:00:00,9/13/2002,,9/13/2002,0:00:00,R/V Longhorn,61,,4.23,-,,,,,,,,,,,,
2002-07-25,016-2002-07-25,281,N,System 16,94,DCS094,Globalstar,R/V Longhorn,7/25/2002,,7/25/2002,0:00:00,11/9/2002,,11/9/2002,0:00:00,R/V Gyre,107,,3.98,-,,,,,,,,,,,,
2002-07-26,80085-07-17-02,76,W,80085,173,DCS/173,Motorola,R/V Longhorn,7/26/2002,,7/26/2002,,10/25/2002,,10/25/2002,,R/V Longhorn,91,,,,,,,,,,,,,,,
2002-09-11,,,F,,,DCS3900,,,9/11/2002,0:00:00,9/11/2002,0:00:00,12/31/2002,0:00:00,12/31/2002,0:00:00,,,3.83,3.83,-,-,28.836,94.2355,3.83,,-,,,,,,119
2002-09-12,001-08-14-02,88,K,System 1,96,DCS/96,Globalstar,R/V Longhorn,9/12/2002,,9/12/2002,,1/30/2003,,1/30/2003,,R/V Gyre,140,,,,,,,,,,,,,,,
2002-09-12,004-08-13-02,104,J,System 4,45,DCS/45,Globalstar,R/V Longhorn,9/12/2002,,9/12/2002,,1/30/2003,,1/30/2003,,R/V Gyre,140,,,,,,,,,,,,,,,
2002-09-13,02-2002-09-13,190,B,System 2,176,DCS176,Globalstar,R/V Longhorn,9/13/2002,,9/13/2002,0:00:00,1/29/2003,,1/29/2003,0:00:00,R/V Gyre,138,,4.23,Replaced_DCS_sensor_44_with_176,,,,,,,,,,,,
2002-11-07,40018-09-24-02,34,W,40018,178,DCS/178,Motorola,R/V Gyre,11/7/2002,,11/7/2002,,11/21/2002,,11/21/2002,,R/V Gyre,14,,,,,,,,,,,,,,,
2002-11-09,005-08-14-02,109,N,System 5,109,DCS109,Globalstar,R/V Gyre,11/9/2002,,11/9/2002,0:00:00,1/29/2003,,11/18/2002,14:00:00,R/V Gyre,81,,3.98,Data_ceases_after_11/18/2002,,,,,,,,,,,,
2002-11-09,50039-09-27-02,57,F,50039,17,DCS/17,Motorola,R/V Gyre,11/9/2002,,11/9/2002,,7/20/2003,,7/20/2003,,R/V Longhorn,253,,,,,,,,,,,,,,,
2002-11-10,80086-10-15-02,70,R,80086,16,DCS3900,Motorola,R/V Gyre,11/10/2002,,11/10/2002,0:00:00,7/19/2003,,7/21/2003,21:00:00,R/V Longhorn,251,,3.43,-,,,,,,,,,,,,
2002-11-21,0109-11-01-02,2,W,109,31,DCS/31,Motorola,R/V Longhorn,11/21/2002,,11/21/2002,,1/31/2003,,1/31/2003,,R/V Gyre,71,,,,,,,,,,,,,,,
2002-11-21,80085-11-15-02,77,D,80085,173,DCS-173,Motorola,R/V Longhorn,11/21/2002,,11/21/2002,0:00:00,1/31/2003,,1/31/2003,0:00:00,R/V Gyre,71,,5.33,-,,,,,,,,,,,,
2003-01-29,015-2003-02-19,319,V,System 15,70,DCS70,Globalstar,R/V Gyre,1/29/2003,,1/29/2003,0:00:00,7/14/2003,,7/14/2003,0:00:00,missing,166,,4.75,-,,,,,,,,,,,,
2003-01-29,016-12-12-02,142,N,System 16,94,DCS/094,Globalstar,R/V Gyre,1/29/2003,,1/29/2003,,10/27/2003,,10/27/2003,,R/V Gyre,271,,,,,,,,,,,,,,,
2003-01-30,,,N,,94,DCS094,,,1/30/2003,4:00:00,1/30/2003,4:00:00,8/3/2003,20:30:00,8/3/2003,20:30:00,,,3.98,3.98,Lost_during_Hurricane_Claudette._Data_ends_07/14/2,Lost_during_Hurricane_Claudette._Data_ends_07/14/2,27.8892,94.03667,3.98,,Lost_during_Hurricane_Claudette._Data_ends_07/14/2,,,,,,189
2003-01-30,017-01-03-03,144,K,System 17,44,DCS/44,Globalstar,R/V Gyre,1/30/2003,,1/30/2003,,9/9/2003,,9/9/2003,,R/V Gyre,222,,,,,,,,,,,,,,,
2003-01-30,04-2003-01-30,266,J,System 4,45,DCS/45,Globalstar,R/V Gyre,1/30/2003,,1/30/2003,,9/9/2003,,9/9/2003,,R/V Gyre,222,,,,,,,,,,,,,,,
2003-01-31,40018-12-17-02,35,W,40018,178,DCS/178,Motorola,R/V Gyre,1/31/2003,,1/31/2003,,9/8/2003,,9/8/2003,,R/V Gyre,220,,,,,,,,,,,,,,,
2003-01-31,40014-2003-01-31,226,D,40014,42,DCS-42,Motorola,R/V Gyre,1/31/2003,,1/31/2003,0:00:00,7/18/2003,,7/18/2003,0:00:00,R/V Longhorn,168,,5.33,-,,,,,,,,,,,,
2003-02-01,02-2003-02-01,191,B,System 2,223,DCS223,Globalstar,R/V Gyre,2/1/2003,,2/1/2003,0:00:00,7/19/2003,,7/19/2003,0:00:00,R/V Longhorn,168,,4.23,-,,,,,,,,,,,,
2003-07-20,0109-02-13-03,3,F,109,31,DCS/31,Motorola,R/V Longhorn,7/20/2003,,7/20/2003,,2/24/2004,,2/24/2004,,R/V Gyre,219,,,,,,,,,,,,,,,
2003-07-21,001-07-03-03,90,B,System 1,96,DCS96,Globalstar,R/V Gyre,7/21/2003,,7/21/2003,0:00:00,2/22/2004,,2/22/2004,10:30:00,R/V Gyre,216,,4.23,-,,,,,,,,,,,,
2003-07-22,0111-07-03-03,9,D,111,31,DCS-31,Globalstar,R/V Longhorn,7/22/2003,,7/22/2003,0:00:00,9/8/2003,,9/8/2003,0:00:00,R/V Gyre,48,,5.33,-,,,,,,,,,,,,
2003-07-23,,,F,,,DCS3900,,,7/23/2003,0:00:00,7/23/2003,0:00:00,2/24/2004,3:30:00,2/24/2004,3:30:00,,,3.83,3.83,-,-,28.836,94.2355,3.83,,-,,,,,,120
2003-07-23,,,R,,,DCS3900,,,7/23/2003,5:30:00,7/23/2003,5:30:00,9/9/2003,17:00:00,9/9/2003,17:00:00,,,3.43,3.43,-,-,29.64728,93.63947,3.43,,-,,,,,,215
2003-09-08,0110-07-24-03,17,W,110,93,DCS3900R,Motorola,R/V Gyre,9/8/2003,,9/8/2003,0:00:00,10/27/2003,,10/27/2003,23:30:00,R/V Gyre,49,,3.37,Wireless_communication_of_data,,,,,,,,,,,,
2003-09-08,40016-09-02-03,41,D,40016,278,DCS-278,Globalstar,R/V Gyre,9/8/2003,,9/8/2003,0:00:00,3/18/2004,,3/19/2004,0:30:00,R/V Gyre,192,,5.33,-,,,,,,,,,,,,
2003-09-09,,,R,,,DCS3900,,,9/9/2003,19:30:00,9/9/2003,19:30:00,2/24/2004,19:30:00,2/24/2004,19:30:00,,,3.43,3.43,-,-,29.64728,93.63947,3.43,,-,,,,,,216
2003-09-09,002-08-04-03,94,J,System 2,223,DCS/223,Globalstar,R/V Gyre,9/9/2003,,9/9/2003,,3/19/2004,,3/19/2004,,R/V Gyre,192,,,,,,,,,,,,,,,
2003-09-09,017-2003-09-09,273,K,System 17,44,DCS/44,Globalstar,R/V Gyre,9/9/2003,,9/9/2003,,3/19/2004,,3/19/2004,,R/V Gyre,192,,,,,,,,,,,,,,,
2003-09-10,,,K,,,B-1509,,,9/10/2003,0:00:00,9/10/2003,0:00:00,3/19/2004,12:30:00,3/19/2004,12:30:00,,,5.38,5.38,-,-,26.21667,96.49917,5.38,,-,,,,,,170
2003-09-10,,,J,,,DCS3900,,,9/10/2003,5:00:00,9/10/2003,5:00:00,3/19/2004,0:00:00,3/19/2004,0:00:00,,,5.48,5.48,-,-,26.18833,97.05067,5.48,,-,,,,,,151
2003-10-27,40014-10-16-03,24,W,40014,42,DCS/42,Motorola,R/V Gyre,10/27/2003,,10/27/2003,,7/8/2004,,7/8/2004,,R/V Longhorn,255,,,,,,,,,,,,,,,
2003-10-28,,,W,,,DCS3900R,,,10/28/2003,0:00:00,10/28/2003,0:00:00,2/22/2004,19:00:00,2/22/2004,19:00:00,,,3.37,3.37,Wireless_communication_of_data,Wireless_communication_of_data,28.3539,96,3.37,,Wireless_communication_of_data,,,,,,261
2004-02-22,40018-10-03-03,36,W,40018,280,DCS3900R,Motorola,R/V Gyre,2/22/2004,,2/22/2004,19:00:00,9/29/2004,,9/29/2004,12:00:00,R/V Longhorn,220,,3.37,Wireless_communication_of_data,,,,,,,,,,,,
2004-02-22,01-2004-02-22,193,B,System 1,352,DCS/352,Globalstar,R/V Gyre,2/22/2004,,2/22/2004,,7/21/2004,,7/21/2004,,R/V Gyre,150,,,,,,,,,,,,,,,
2004-02-23,016-02-05-04,143,N,System 16,276,DCS094,Globalstar,R/V Gyre,2/23/2004,,2/23/2004,15:30:00,7/21/2004,,7/22/2004,0:00:00,R/V Gyre,149,,3.98,-,,,,,,,,,,,,
2004-02-24,0111-01-15-04,10,R,111,289,DCS/289,Motorola,R/V Gyre,2/24/2004,,2/24/2004,,3/21/2004,,3/21/2004,,R/V Gyre,26,,,,,,,,,,,,,,,
2004-02-24,50039-2004-02-24,241,F,50039,17,DCS3900,Motorola,R/V Gyre,2/24/2004,,2/24/2004,9:30:00,3/20/2004,,3/21/2004,2:00:00,R/V Gyre,25,,3.83,-,,,,,,,,,,,,
2004-02-25,,,B,,,DCS352,,,2/25/2004,2:30:00,2/25/2004,2:30:00,7/21/2004,9:30:00,7/21/2004,9:30:00,,,4.23,4.23,-,-,28.98283,94.9162,4.23,,-,,,,,,40
2004-02-25,,,R,,,DCS3900,,,2/25/2004,5:00:00,2/25/2004,5:00:00,3/21/2004,3:30:00,3/21/2004,3:30:00,,,3.43,3.43,-,-,29.64728,93.63947,3.43,,-,,,,,,217
2004-03-18,50040-03-15-04,49,D,50040,178,DCS/178,Globalstar,R/V Gyre,3/18/2004,,3/18/2004,,9/28/2004,,9/28/2004,,R/V Longhorn,194,,,,,,,,,,,,,,,
2004-03-19,,,D,,278,DCS-278,,,3/19/2004,5:30:00,3/19/2004,5:30:00,9/29/2004,7:00:00,9/29/2004,7:00:00,,,5.33,5.33,-,-,27.93295,96.8076,5.33,,-,,,,,,89
2004-03-19,017-1999-02-18,272,K,System 17,44,B-1509,Globalstar,R/V Gyre,3/19/2004,,3/20/2004,0:00:00,7/7/2004,,5/14/2004,9:30:00,missing,110,,5.38,-,,,,,,,,,,,,
2004-03-20,80085-03-11-04,79,F,80085,173,DCS3900,Globalstar,R/V Gyre,3/20/2004,,3/21/2004,5:30:00,7/21/2004,,7/21/2004,15:30:00,R/V Gyre,123,,3.83,-,,,,,,,,,,,,
2004-03-21,50039-02-12-04,58,R,50039,289,DCS3900,Motorola,R/V Gyre,3/21/2004,,3/21/2004,12:30:00,7/22/2004,,7/22/2004,18:00:00,R/V Gyre,123,,3.43,-,,,,,,,,,,,,
2004-07-07,002-04-19-04,95,J,System 2,355,DCS3900,Globalstar,R/V Longhorn,7/7/2004,,7/7/2004,22:00:00,7/26/2004,,7/24/2004,17:30:00,Truck,19,,5.48,-,,,,,,,,,,,,
2004-07-21,80086-04-19-04,71,F,80086,16,DCS3900,Globalstar,R/V Gyre,7/21/2004,,7/21/2004,16:00:00,2/8/2005,,2/8/2005,0:00:00,R/V Gyre,202,,3.83,-,,,,,,,,,,,,
2004-07-21,016-2004-07-21,284,N,System 16,276,DCS094,Globalstar,R/V Gyre,7/21/2004,,7/22/2004,4:30:00,2/8/2005,,4/23/2005,0:00:00,R/V Gyre,202,,3.98,-,,,,,,,,,,,,
2004-07-22,0111-04-13-04,11,R,111,271,DCS3900,Globalstar,R/V Gyre,7/22/2004,,7/22/2004,19:00:00,2/8/2005,,2/10/2005,0:00:00,R/V Gyre,201,,3.43,-,,,,,,,,,,,,
2004-07-23,01-2004-07-23,192,B,System 1,352,DCS352,Globalstar,R/V Gyre,7/23/2004,,7/23/2004,7:30:00,1/10/2005,,1/10/2005,0:00:00,R/V Gyre,171,,4.23,-,,,,,,,,,,,,
2004-08-18,002-07-29-04,96,K,System 2,355,B-1509,Globalstar,R/V Longhorn,8/18/2004,,8/18/2004,0:00:00,5/18/2005,,5/17/2005,6:00:00,R/V Gyre,273,,5.38,-,,,,,,,,,,,,
2004-08-18,006-08-18-03,115,V,System 6,42,DCS70,Globalstar,R/V Longhorn,8/18/2004,,8/19/2004,15:30:00,2/8/2005,,2/9/2005,0:00:00,R/V Gyre,174,,4.75,-,,,,,,,,,,,,
2004-08-19,80085-07-27-04,80,J,80085,173,DCS3900,Globalstar,R/V Longhorn,8/19/2004,,8/18/2004,12:30:00,5/18/2005,,5/17/2005,10:00:00,R/V Gyre,272,,5.48,-,,,,,,,,,,,,
2004-09-28,40014-09-07-04,25,D,40014,389,DCS-278,Globalstar,R/V Longhorn,9/28/2004,,9/29/2004,7:30:00,10/22/2004,,5/18/2005,0:00:00,R/V Longhorn,24,,5.33,-,,,,,,,,,,,,
2004-09-29,0109-05-03-04,4,W,109,278,DCS3900R,Globalstar,R/V Longhorn,9/29/2004,,9/29/2004,12:30:00,10/21/2004,,5/18/2005,0:00:00,R/V Longhorn,22,,3.37,Wireless_communication_of_data,,,,,,,,,,,,
2004-10-21,40016-09-24-04,42,W,40016,280,DCS/280,Globalstar,R/V Longhorn,10/21/2004,,10/21/2004,,5/18/2005,,5/18/2005,,R/V Gyre,209,,,,,,,,,,,,,,,
2004-10-22,50040-10-08-04,51,D,50040,362,DCS/362,Globalstar,R/V Longhorn,10/22/2004,,10/22/2004,,5/18/2005,,5/18/2005,,R/V Gyre,208,,,,,,,,,,,,,,,
2005-01-10,0109-10-26-04,5,B,109,278,DCS352,Globalstar,R/V Gyre,1/10/2005,,1/10/2005,0:30:00,2/8/2005,,2/8/2005,0:00:00,R/V Gyre,29,,4.23,-,,,,,,,,,,,,
2005-02-08,08-2005-02-08,195,B,System 8,363,DCS352,Globalstar,R/V Gyre,2/8/2005,,2/8/2005,0:30:00,3/19/2005,,3/19/2005,0:00:00,R/V Gyre,39,,4.23,-,,,,,,,,,,,,
2005-02-08,109-2005-02-08,243,F,109,378,DCS3900,Globalstar,R/V Gyre,2/8/2005,,2/8/2005,0:30:00,2/21/2006,,2/21/2006,18:30:00,R/V Gyre,378,,3.83,-,,,,,,,,,,,,
2005-02-09,10-2005-02-09,285,N,System 10,350,DCS/350,Globalstar,R/V Gyre,2/9/2005,,2/9/2005,,5/23/2005,,5/23/2005,,R/V Gyre,103,,,,,,,,,,,,,,,
2005-02-09,016-2005-02-09,318,V,System 16,276,DCS70,Globalstar,R/V Gyre,2/9/2005,,2/9/2005,0:30:00,9/24/2005,,9/25/2005,0:00:00,missing,227,,4.75,-,,,,,,,,,,,,
2005-02-10,40014-10-28-04,26,R,40014,289,DCS3900,Globalstar,R/V Gyre,2/10/2005,,2/10/2005,0:00:00,7/11/2005,,7/11/2005,9:00:00,R/V Gyre,151,,3.43,-,,,,,,,,,,,,
2005-04-23,011-2005-04-23,283,N,System 11,273,DCS094,Globalstar,R/V Gyre,4/23/2005,,4/23/2005,0:30:00,9/24/2005,,9/25/2005,0:00:00,missing,154,,3.98,-,,,,,,,,,,,,
2005-04-30,08-2005-04-30,194,B,System 8,363,DCS352,Globalstar,R/V Gyre,4/30/2005,,4/30/2005,0:30:00,10/10/2005,,10/10/2005,0:00:00,R/V Longhorn,163,,4.23,-,,,,,,,,,,,,
2005-05-14,,,K,,,B-1509,,,5/14/2005,6:30:00,5/14/2005,6:30:00,9/25/2005,0:00:00,9/25/2005,0:00:00,,,5.38,5.38,-,-,26.21667,96.49917,5.38,,-,,,,,,173
2005-05-17,001-05-10-05,92,K,System 1,352,DCS/352,Globalstar,R/V Gyre,5/17/2005,,5/17/2005,,9/24/2005,,9/24/2005,,missing,130,,,,,,,,,,,,,,,
2005-05-17,09-2005-05-17,263,J,System 9,221,DCS3900,Globalstar,R/V Gyre,5/17/2005,,5/17/2005,10:30:00,8/12/2005,,8/12/2005,15:00:00,R/V Longhorn,87,,5.48,-,,,,,,,,,,,,
2005-05-18,0111-02-14-05,12,D,111,276,DCS-278,Globalstar,R/V Gyre,5/18/2005,,5/18/2005,6:30:00,10/9/2005,,10/9/2005,0:00:00,R/V Longhorn,144,,5.33,-,,,,,,,,,,,,
2005-05-18,40018-05-10-05,37,W,40018,16,DCS3900R,Globalstar,R/V Gyre,5/18/2005,,5/18/2005,0:30:00,8/13/2005,,8/14/2005,0:00:00,R/V Longhorn,87,,3.37,Wireless_communication_of_data,,,,,,,,,,,,
2005-07-11,80085-06-07-05,81,R,80085,362,DCS3900,Globalstar,R/V Gyre,7/11/2005,,7/11/2005,9:30:00,8/24/2005,,8/24/2005,0:00:00,R/V Gyre,44,,3.43,-,,,,,,,,,,,,
2005-08-12,002-06-03-05,97,J,System 2,355,DCS3900,Globalstar,R/V Longhorn,8/12/2005,,8/12/2005,17:30:00,11/9/2005,,10/9/2005,0:00:00,Osprey Charters,89,,5.48,-,,,,,,,,,,,,
2005-08-13,50040-2005-08-13,322,W,50040,506,DCS/506,Globalstar,R/V Longhorn,8/13/2005,,8/13/2005,,8/27/2005,,8/27/2005,,R/V Gyre,14,,,,,,,,,,,,,,,
2005-08-14,,,W,,,DCS3900R,,,8/14/2005,0:30:00,8/14/2005,0:30:00,2/3/2006,13:30:00,2/3/2006,13:30:00,,,3.37,3.37,Wireless_communication_of_data,Wireless_communication_of_data,28.3539,96,3.37,,Wireless_communication_of_data,,,,,,265
2005-08-24,40014-07-19-05,27,R,40014,289,DCS3900,Globalstar,R/V Gyre,8/24/2005,,8/24/2005,0:30:00,10/9/2005,,10/9/2005,0:00:00,R/V Longhorn,46,,3.43,-,,,,,,,,,,,,
2005-08-27,007-2005-08-27,254,H,Discus 007,,RCM-9 1097,Globalstar,R/V Gyre,8/27/2005,,8/27/2005,18:00:00,3/6/2006,,10/14/2005,10:30:00,R/V Gyre,191,,5.55,-,,,,,,,,,,,,
2005-09-17,50039-09-12-05,60,W,50039,280,DCS/280,Globalstar,R/V Longhorn,9/17/2005,,9/17/2005,,2/3/2006,,2/3/2006,,R/V Gyre,139,,,,,,,,,,,,,,,
2005-10-11,006-09-01-05,116,V,System 6,222,DCS/222,Globalstar,R/V Longhorn,10/11/2005,,10/11/2005,0:00:00,3/6/2006,,3/4/2006,22:30:00,R/V Gyre,146,,4.75,-,,,,,,,,,,,,
2005-10-11,009-10-07-05,126,B,System 9,507,DCS/507,Globalstar,R/V Longhorn,10/11/2005,,10/11/2005,0:00:00,6/15/2006,,6/15/2006,19:00:00,R/V Longhorn,247,,4.23,-,,,,,,,,,,,,
2005-10-11,010-10-07-05,132,N,System 10,508,DCS/508,Globalstar,R/V Longhorn,10/11/2005,,10/11/2005,0:30:00,3/4/2006,,3/3/2006,22:00:00,R/V Gyre,144,,3.98,-,,,,,,,,,,,,
2005-10-11,80085-10-05-05,82,R,80085,362,DCS3900,Globalstar,R/V Longhorn,10/11/2005,,10/11/2005,0:00:00,2/21/2006,,6/16/2006,7:00:00,R/V Gyre,133,,3.43,-,,,,,,,,,,,,
2005-10-13,0110-10-05-05,18,D,110,271,DCS/271,Globalstar,R/V Longhorn,10/13/2005,,10/13/2005,0:30:00,6/14/2006,,6/15/2006,0:30:00,R/V Longhorn,244,,5.33,-,,,,,,,,,,,,
2005-12-07,008-11-04-05,119,A-2,System 8,68,DCS4100/ADCP003,Globalstar,POWHATAN,12/7/2005,,12/7/2005,7:00:00,3/5/2006,,3/5/2006,23:30:00,R/V Gyre,88,,3,Rebel_barge_oil_spill,,,,,,,,,,,,
2006-02-03,0111-10-18-05,13,W,111,67,DCS3900R,Globalstar,R/V Gyre,2/3/2006,,2/3/2006,14:00:00,4/12/2006,,4/11/2006,17:30:00,R/V Longhorn,68,,3.37,Went_adrift_on_04/09/2006.,,,,,,,,,,,,
2006-02-04,,,K,,,B-1509,,,2/4/2006,20:00:00,2/4/2006,20:00:00,9/14/2006,16:30:00,9/14/2006,16:30:00,,,5.38,5.38,-,-,26.21667,96.49917,5.38,,-,,,,,,174
2006-02-04,40016-12-01-05,43,J,40016,69,DCS/69,Globalstar,R/V Gyre,2/4/2006,,2/4/2006,,9/14/2006,,9/14/2006,,R/V Longhorn,222,,,,,,,,,,,,,,,
2006-02-05,,,J,,,DCS3900,,,2/5/2006,1:00:00,2/5/2006,1:00:00,9/14/2006,3:30:00,9/14/2006,3:30:00,,,5.48,5.48,-,-,26.18833,97.05067,5.48,,-,,,,,,156
2006-02-06,002-11-15-05,98,K,System 2,355,DCS/355,Globalstar,R/V Gyre,2/6/2006,,2/6/2006,,9/14/2006,,9/14/2006,,R/V Longhorn,220,,,,,,,,,,,,,,,
2006-02-21,40018-12-20-05,38,F,40018,64,DCS3900,Globalstar,R/V Gyre,2/21/2006,,2/21/2006,18:30:00,8/26/2006,,8/25/2006,12:30:00,R/V Longhorn,186,,3.83,-,,,,,,,,,,,,
2006-02-21,50039-02-08-06,61,R,50039,,DCS/280,Globalstar,R/V Gyre,2/21/2006,,2/21/2006,,6/16/2006,,6/16/2006,,R/V Longhorn,115,,,,,,,,,,,,,,,
2006-03-04,005-03-03-03,110,N,System 5,113,DCS094,Globalstar,R/V Gyre,3/4/2006,,3/4/2006,20:00:00,8/24/2006,,8/24/2006,18:00:00,R/V Longhorn,173,,3.98,-,,,,,,,,,,,,
2006-03-04,06-2006-03-04,317,V,System 6,222,DCS/222,Globalstar,R/V Gyre,3/4/2006,,3/6/2006,4:00:00,8/24/2006,,8/25/2006,0:00:00,R/V Longhorn,173,,4.75,-,,,,,,,,,,,,
2006-04-11,0109-02-23-06,6,W,109,112,DCS3900R,Globalstar,R/V Longhorn,4/11/2006,,4/11/2006,22:30:00,8/25/2006,,8/25/2006,10:30:00,R/V Longhorn,136,,3.37,,,,,,,,,,,,,
2006-06-14,0111-04-20-06,14,D,111,67,DCS/67,Globalstar,R/V Longhorn,6/14/2006,,6/15/2006,2:30:00,3/10/2007,,3/7/2007,18:00:00,R/V Ferrel,269,,5.33,-,,,,,,,,,,,,
2006-06-15,008-04-26-06,120,B,System 8,363,DCS/363,Globalstar,R/V Longhorn,6/15/2006,,6/15/2006,20:00:00,7/8/2006,,7/7/2006,22:30:00,R/V Longhorn,23,,4.23,-,,,,,,,,,,,,
2006-06-16,40014-05-05-06,29,R,40014,289,DCS3900,Globalstar,R/V Longhorn,6/16/2006,,6/16/2006,7:30:00,2/12/2007,,10/3/2006,4:00:00,R/V Ferrel,241,,3.43,-,,,,,,,,,,,,
2006-07-08,009-07-03-06,127,B,System 9,507,DCS/507,Globalstar,R/V Longhorn,7/8/2006,,7/8/2006,0:00:00,2/12/2007,,2/10/2007,23:30:00,R/V Ferrel,219,,4.23,-,,,,,,,,,,,,
2006-08-23,007-2006-08-23,253,H,Discus 007,,RCM-9 1097,Globalstar,R/V Longhorn,8/23/2006,,8/24/2006,0:30:00,7/8/2008,,12/31/2007,0:00:00,DSV Gulf Freedom,685,,5.55,-,,,,,,,,,,,,
2006-08-24,005-02-23-06,111,N,System 5,113,DCS094,Globalstar,R/V Longhorn,8/24/2006,,8/25/2006,0:00:00,2/11/2007,,2/11/2007,8:00:00,R/V Ferrel,171,,3.98,-,,,,,,,,,,,,
2006-08-24,010-07-11-06,133,V,System 10,508,DCS/508,Globalstar,R/V Longhorn,8/24/2006,,8/25/2006,5:30:00,2/10/2007,,9/29/2006,13:30:00,R/V Ferrel,170,,4.75,-,,,,,,,,,,,,
2006-08-24,50039-08-01-06,62,F,50039,126,DCS3900,Globalstar,R/V Longhorn,8/24/2006,,8/25/2006,14:00:00,2/11/2007,,2/11/2007,20:00:00,R/V Ferrel,171,,3.83,-,,,,,,,,,,,,
2006-08-25,0110-07-27-06,19,W,110,63,DCS3900R,Globalstar,R/V Longhorn,8/25/2006,,8/26/2006,3:30:00,3/10/2007,,3/9/2007,0:00:00,R/V Ferrel,197,,3.37,,,,,,,,,,,,,
2006-09-14,80085-08-31-06,83,J,80085,362,DCS3900,Globalstar,R/V Longhorn,9/14/2006,,9/14/2006,14:30:00,3/9/2007,,3/8/2007,20:00:00,R/V Ferrel,176,,5.48,-,,,,,,,,,,,,
2006-09-14,008-08-30-06,121,K,System 8,363,DCS/363,Globalstar,R/V Longhorn,9/14/2006,,9/15/2006,0:00:00,3/9/2007,,3/9/2007,4:00:00,R/V Ferrel,176,,5.38,-,,,,,,,,,,,,
2007-02-12,006-09-19-06,117,V,System 6,506,DCS/506,Globalstar,R/V Ferrel,2/12/2007,,2/12/2007,1:00:00,11/12/2007,,11/13/2007,22:00:00,R/V Brooks McCall,273,,4.75,-,,,,,,,,,,,,
2007-02-11,50040-10-06-06,52,F,50040,64,DCS3900,Globalstar,R/V Ferrel,2/11/2007,,2/12/2007,5:00:00,3/10/2007,,3/10/2007,1:30:00,R/V Ferrel,27,,3.83,-,,,,,,,,,,,,
2007-02-12,002-09-22-06,99,B,System 2,355,DCS/355,Globalstar,R/V Ferrel,2/12/2007,,2/12/2007,10:00:00,11/14/2007,,11/15/2007,0:30:00,R/V Brooks McCall,275,,4.23,-,,,,,,,,,,,,
2007-02-12,0109-10-02-06,7,R,109,112,DCS3900,Globalstar,R/V Ferrel,2/12/2007,,2/12/2007,21:30:00,11/13/2007,,11/14/2007,4:00:00,R/V Brooks McCall,274,,3.43,-,,,,,,,,,,,,
2007-03-08,010-02-28-07,134,N,System 10,508,DCS/508,Globalstar,R/V Ferrel,3/8/2007,,3/8/2007,10:00:00,11/12/2007,,11/13/2007,15:00:00,R/V Brooks McCall,249,,3.98,-,,,,,,,,,,,,
2007-03-08,80085-2007-03-08,225,D,80085,362,DCS/362,Globalstar,R/V Ferrel,3/8/2007,,3/8/2007,,12/6/2007,,12/6/2007,,R/V Brooks McCall,273,,,,,,,,,,,,,,,
2007-03-08,,,J,,,DCS3900,,,3/8/2007,20:30:00,3/8/2007,20:30:00,5/3/2007,0:00:00,5/3/2007,0:00:00,,,5.48,5.48,Beach_recovery,Beach_recovery,26.18833,97.05067,5.48,,Beach_recovery,,,,,,158
2007-03-09,50039-02-22-07,63,J,50039,,DCS/126,Globalstar,R/V Ferrel,3/9/2007,,3/9/2007,,5/3/2007,,5/3/2007,,Truck,55,,,,,,,,,,,,,,,
2007-03-09,80086-01-05-07,72,W,80086,66,DCS3900R,Globalstar,R/V Ferrel,3/9/2007,,3/9/2007,0:30:00,12/4/2007,,12/5/2007,3:30:00,R/V Brooks McCall,270,,3.37,,,,,,,,,,,,,
2007-03-09,009-02-23-07,128,K,System 9,507,DCS/507,Globalstar,R/V Ferrel,3/9/2007,,3/9/2007,4:30:00,12/6/2007,,12/5/2007,22:30:00,R/V Brooks McCall,272,,5.38,-,,,,,,,,,,,,
2007-03-10,40016-01-08-07,44,F,40016,69,DCS3900,Globalstar,R/V Ferrel,3/10/2007,,3/10/2007,2:00:00,11/14/2007,,11/14/2007,20:00:00,R/V Brooks McCall,249,,3.83,-,,,,,,,,,,,,
2007-03-11,,,D,,,DCS-278,,,3/11/2007,3:00:00,3/11/2007,3:00:00,12/6/2007,22:00:00,12/6/2007,22:00:00,,,5.33,5.33,Current_data_highly_suspect_from_October_on_due_to,Current_data_highly_suspect_from_October_on_due_to,27.93295,96.8076,5.33,,Current_data_highly_suspect_from_October_on_due_to,,,,,,94
2007-05-18,,,42035,,,DACT,,,5/18/2007,18:00:00,5/18/2007,18:00:00,12/31/2008,0:00:00,12/31/2008,0:00:00,,,3.37,3.37,-,-,28.3539,96,3.37,,-,,,,,,278
2007-11-12,225M02-11-01-07,157,N,225m02,,DCS138,Globalstar,R/V Brooks McCall,11/12/2007,,11/12/2007,,9/27/2008,,9/27/2008,,R/V Ferrel,320,,,,,,,,,,,,,,,
2007-11-14,,,N,,,DCS094,,,11/14/2007,0:00:00,11/14/2007,0:00:00,9/27/2008,11:00:00,9/27/2008,11:00:00,,,3.98,3.98,-,-,27.8892,94.03667,3.98,,-,,,,,,197
2007-11-12,225M03-11-01-07,156,V,225m03,,DCS/137,Globalstar,R/V Brooks McCall,11/12/2007,,11/12/2007,,2/10/2008,,2/10/2008,,R/V Brooks McCall,90,,,,,,,,,,,,,,,
2007-11-14,,,V,,,DCS70,,,11/14/2007,1:00:00,11/14/2007,1:00:00,2/10/2008,14:30:00,2/10/2008,14:30:00,,,4.75,4.75,-,-,27.8958,93.6125,4.75,,-,,,,,,253
2007-11-13,0110-04-18-07,20,R,110,,DCS/63,Globalstar,R/V Brooks McCall,11/13/2007,,11/13/2007,,10/8/2008,,10/8/2008,,R/V Brooks McCall,330,,,,,,,,,,,,,,,
2007-11-14,,,R,,,DCS3900,,,11/14/2007,4:30:00,11/14/2007,4:30:00,9/24/2008,23:30:00,9/24/2008,23:30:00,,,3.43,3.43,-,-,29.64728,93.63947,3.43,,-,,,,,,226
2007-11-14,50039-05-04-07,64,F,50039,126,DCS3900,Globalstar,R/V Brooks McCall,11/14/2007,,11/14/2007,20:30:00,9/27/2008,,9/26/2008,3:00:00,R/V Ferrel,318,,3.83,-,,,,,,,,,,,,
2007-11-14,008-04-19-07,122,B,System 8,363,DCS/363,Globalstar,R/V Brooks McCall,11/14/2007,,11/15/2007,1:00:00,7/5/2008,,7/6/2008,0:00:00,DSV Gulf Freedom,234,,4.23,-,,,,,,,,,,,,
2007-12-04,0111-03-26-07,15,W,111,67,DCS3900R,Globalstar,R/V Brooks McCall,12/4/2007,,12/5/2007,4:00:00,12/7/2007,,12/7/2007,18:30:00,R/V Brooks McCall,3,,3.37,,,,,,,,,,,,,
2007-12-06,018-09-12-07,145,K,System 18,216,DCS3900,Globalstar,R/V Brooks McCall,12/6/2007,,12/6/2007,0:00:00,7/8/2008,,6/23/2008,0:00:00,DSV Gulf Freedom,215,,5.38,Went_adrift_on.,,,,,,,,,,,,
2007-12-06,40014-02-20-07,153,J,40014,133,DCS3900,Globalstar,R/V Brooks McCall,12/6/2007,,12/6/2007,3:30:00,7/7/2008,,7/7/2008,0:00:00,DSV Gulf Freedom,214,,5.48,-,,,,,,,,,,,,
2007-12-06,50040-04-11-07,53,D,50040,64,DCS4100R,Globalstar,R/V Brooks McCall,12/6/2007,,12/7/2007,4:30:00,7/8/2008,,7/8/2008,13:00:00,DSV Gulf Freedom,215,,5.33,-,,,,,,,,,,,,
2007-12-07,80086-2007-12-07,323,W,80086,66,DCS3900R,Globalstar,R/V Brooks McCall,12/7/2007,,12/7/2007,15:30:00,1/8/2008,,1/1/2008,3:30:00,Truck,32,,3.37,Went_adrift_on_01/01/2008.,,,,,,,,,,,,
2008-07-05,009-01-29-08,129,B,System 9,507,DCS/507,Globalstar,DSV Gulf Freedom,7/5/2008,,7/6/2008,3:00:00,9/25/2008,,9/24/2008,15:00:00,R/V Ferrel,82,,4.23,-,,,,,,,,,,,,
2008-07-06,225M03-03-12-08,154,V,225m03,137,DCS/137,Globalstar,DSV Gulf Freedom,7/6/2008,,7/6/2008,17:00:00,9/27/2008,,9/27/2008,15:30:00,R/V Ferrel,83,,4.75,-,,,,,,,,,,,,
2008-07-07,80085-04-22-08,84,J,80085,362,DCS3900,Globalstar,DSV Gulf Freedom,7/7/2008,,7/7/2008,18:30:00,10/10/2008,,10/10/2008,11:00:00,R/V Brooks McCall,95,,5.48,-,,,,,,,,,,,,
2008-07-07,002-11-20-07,100,K,System 2,214,DCS3900,Globalstar,DSV Gulf Freedom,7/7/2008,,7/7/2008,23:00:00,-,,10/10/2008,17:00:00,missing,,,5.38,-,,,,,,,,,,,,
2008-07-08,40016-01-25-08,45,D,40016,69,DCS/69,Globalstar,DSV Gulf Freedom,7/8/2008,,7/8/2008,13:30:00,10/9/2008,,10/9/2008,18:30:00,R/V Brooks McCall,93,,5.33,-,,,,,,,,,,,,
2008-07-08,80086-02-01-08,73,W,80086,66,DCS3900R,Globalstar,DSV Gulf Freedom,7/8/2008,,7/10/2008,0:30:00,10/12/2008,,10/5/2008,18:00:00,Truck,96,,3.37,Went_adrift_on_?._Recovered_on_Matagorda_Island,,,,,,,,,,,,
2008-09-25,40014-07-15-08,31,R,40014,133,DCS3900,Globalstar,R/V Ferrel,9/25/2008,,9/25/2008,6:30:00,6/19/2009,,6/19/2009,4:30:00,R/V Ferrel,267,,3.43,-,,,,,,,,,,,,
2008-09-25,008-08-08-08,123,B,System 8,363,DCS/363,Globalstar,R/V Ferrel,9/25/2008,,9/25/2008,16:30:00,6/19/2009,,6/19/2009,0:00:00,R/V Ferrel,267,,4.23,-,,,,,,,,,,,,
2008-09-26,,,F,,,DCS3900,,,9/26/2008,15:00:00,9/26/2008,15:00:00,5/26/2009,0:00:00,5/26/2009,0:00:00,,,3.83,3.83,Adrift_from_3/14/08_to_5/26/08,Adrift_from_3/14/08_to_5/26/08,28.836,94.2355,3.83,,Adrift_from_3/14/08_to_5/26/08,,,,,,130
2008-09-27,005-09-09-08,113,V,System 5,68,DCS4100R,Globalstar,R/V Ferrel,9/27/2008,,9/27/2008,,3/4/2009,,3/4/2009,,R/V Brooks McCall,158,,,,,,,,,,,,,,,
2008-09-27,010-12-14-07,135,N,System 10,,DCS/508,Globalstar,R/V Ferrel,9/27/2008,,9/27/2008,,8/12/2009,,8/12/2009,,R/V Ferrel,319,,,,,,,,,,,,,,,
2008-09-28,50040-07-15-08,54,F,50040,64,DCS4100R,Globalstar,R/V Ferrel,9/28/2008,,9/28/2008,,5/26/2009,,5/26/2009,,Truck,240,,,,,,,,,,,,,,,
2008-09-28,,,N,,,DCS094,,,9/28/2008,0:00:00,9/28/2008,0:00:00,8/12/2009,15:00:00,8/12/2009,15:00:00,,,3.98,3.98,-,-,27.8892,94.03667,3.98,,-,,,,,,198
2008-09-28,,,V,,,DCS70,,,9/28/2008,12:30:00,9/28/2008,12:30:00,3/4/2009,12:00:00,3/4/2009,12:00:00,,,4.75,4.75,Went_adrift_on_02/18/2009.,Went_adrift_on_02/18/2009.,27.8958,93.6125,4.75,,Went_adrift_on_02/18/2009.,,,,,,255
2008-10-09,50039-10-02-08,65,W,50039,126,DCS3900R,Globalstar,R/V Brooks McCall,10/9/2008,,10/9/2008,14:30:00,11/20/2008,,11/20/2008,5:30:00,Truck,42,,3.37,Went_adrift_on_?._Recovered_on_San_Jose_Island,,,,,,,,,,,,
2008-10-09,40018-12-21-06,39,D,40018,64,DCS/64,Globalstar,R/V Brooks McCall,10/9/2008,,10/9/2008,19:30:00,1/1/2009,,1/2/2009,0:00:00,Truck,84,,5.33,-,,,,,,,,,,,,
2008-10-10,018-08-06-08,146,J,System 18,216,DCS3900,Globalstar,R/V Brooks McCall,10/10/2008,,10/10/2008,13:00:00,1/23/2009,,1/24/2009,4:30:00,R/V Brooks McCall,105,,5.48,-,,,,,,,,,,,,
2008-10-10,225M01-10-06-08,160,K,225m01,232,DCS3900,Globalstar,R/V Brooks McCall,10/10/2008,,10/10/2008,19:00:00,3/24/2010,,3/24/2010,17:30:00,R/V Brooks McCall,530,,5.38,-,,,,,,,,,,,,
2009-01-22,80085-10-27-08,85,W,80085,233,DCS3900R,Globalstar,R/V Brooks McCall,1/22/2009,,1/23/2009,6:00:00,8/14/2009,,8/14/2009,19:30:00,R/V Ferrel,204,,3.37,-,,,,,,,,,,,,
2009-01-23,0110-11-13-08,21,D,110,63,DCS/63,Globalstar,R/V Brooks McCall,1/23/2009,,1/23/2009,13:30:00,8/14/2009,,8/14/2009,12:00:00,R/V Ferrel,203,,5.33,-,,,,,,,,,,,,
2009-01-23,80086-10-23-08,74,J,80086,66,DCS3900,Globalstar,R/V Brooks McCall,1/23/2009,,1/24/2009,5:00:00,8/13/2009,,8/13/2009,20:30:00,R/V Ferrel,202,,5.48,-,,,,,,,,,,,,
2009-06-18,40016-03-23-09,46,F,40016,69,DCS3900,Globalstar,R/V Ferrel,6/18/2009,,6/19/2009,3:00:00,11/19/2009,,11/19/2009,2:00:00,R/V Ferrel,154,,3.83,-, ,,,,,,,,,,,
2009-06-19,009-12-05-08,130,B,System 9,507,DCS/507,Globalstar,R/V Ferrel,6/19/2009,,6/19/2009,9:30:00,11/18/2009,,11/18/2009,21:00:00,R/V Ferrel,152,,4.23,-,,,,,,,,,,,,
2009-06-19,50039-04-06-09,66,R,50039,126,DCS3900,Globalstar,R/V Ferrel,6/19/2009,,6/19/2009,19:30:00,11/18/2009,,11/18/2009,4:00:00,R/V Ferrel,152,,3.43,-,,,,,,,,,,,,
2009-08-12,225M03-07-17-09,155,V,225m03,137,DCS/137,Globalstar,R/V Ferrel,8/12/2009,,8/12/2009,12:30:00,8/20/2010,,12/31/2010,0:00:00,DSV Gulf Freedom,373,,4.75,-,,,,,,,,,,,,
2009-08-12,225M02-07-17-09,158,N,225m02,138,DCS138,Globalstar,R/V Ferrel,8/12/2009,,8/12/2009,18:30:00,2/18/2010,,2/18/2010,15:30:00,R/V Ferrel,190,,3.98,-,,,,,,,,,,,,
2009-08-13,008-07-15-09,124,J,System 8,67,DCS3900,Globalstar,R/V Ferrel,8/13/2009,,8/13/2009,21:00:00,11/20/2009,,11/20/2009,15:00:00,R/V Ferrel,99,,5.48,-,,,,,,,,,,,,
2009-08-14,40014-07-16-09,32,D,40014,133,DCS/133,Globalstar,R/V Ferrel,8/14/2009,,8/14/2009,12:30:00,3/25/2010,,3/25/2010,1:00:00,R/V Brooks McCall,223,,5.33,-,,,,,,,,,,,,
2009-08-14,50040-05-28-09,55,W,50040,64,DCS4100R/64,Globalstar,R/V Ferrel,8/14/2009,,8/14/2009,20:00:00,3/25/2010,,3/24/2010,22:30:00,R/V Brooks McCall,223,,3.37,-,,,,,,,,,,,,
2009-11-18,80086-09-04-09,75,R,80086,66,DCS3900,Globalstar,R/V Ferrel,11/18/2009,,11/18/2009,11:30:00,11/22/2009,,11/21/2009,16:00:00,R/V Ferrel,4,,3.43,-,,,,,,,,,,,,
2009-11-18,019-09-07-09,147,B,System 19,374,DCS/374,Globalstar,R/V Ferrel,11/18/2009,,11/18/2009,22:00:00,12/19/2009,,1/5/2010,9:30:00,R/V Ferrel,31,,4.23,-,,,,,,,,,,,,
2009-11-19,80085-08-24-09,86,F,80085,233,DCS3900,Globalstar,R/V Ferrel,11/19/2009,,11/19/2009,3:30:00,8/20/2010,,12/31/2010,0:00:00,DSV Gulf Freedom,274,,3.83,-,,,,,,,,,,,,
2009-11-20,08-2009-11-20,262,J,System 8,209,DCS3900,Globalstar,R/V Ferrel,11/20/2009,,11/20/2009,16:00:00,3/25/2010,,3/25/2010,6:30:00,R/V Brooks McCall,125,,5.48,-,,,,,,,,,,,,
2009-11-22,40016-2009-11-22,300,R,40016,69,DCS3900,Globalstar,R/V Ferrel,11/22/2009,,11/21/2009,23:59:59,12/18/2009,,12/31/2010,0:00:00,R/V Ferrel,26,,3.43,-,,,,,,,,,,,,
2009-12-18,80086-2009-12-18,299,R,80086,,DCS/66,Globalstar,R/V Ferrel,12/18/2009,,12/18/2009,,8/20/2010,,8/20/2010,,DSV Gulf Freedom,245,,,,,,,,,,,,,,,
2010-01-05,019-2010-01-05,196,B,System 19,374,DCS/374,Globalstar,R/V Ferrel,1/5/2010,,1/5/2010,10:00:00,2/18/2010,,2/19/2010,0:00:00,R/V Ferrel,44,,4.23,-,,,,,,,,,,,,
2010-02-18,012-10-11-09,136,N,System 12,114,DCS/114,Globalstar,R/V Ferrel,2/18/2010,,2/18/2010,16:00:00,8/20/2010,,12/31/2010,0:00:00,DSV Gulf Freedom,183,,3.98,-,,,,,,,,,,,,
2010-02-18,020-02-09-10,151,B,System 20,382,DCS/382,Globalstar,R/V Ferrel,2/18/2010,,2/19/2010,2:30:00,8/20/2010,,12/31/2010,0:00:00,DSV Gulf Freedom,183,,4.23,-,,,,,,,,,,,,
2010-03-25,009-01-12-10,131,K,System 9,507,DCS/507,Globalstar,R/V Brooks McCall,3/25/2010,,3/25/2010,1:30:00,10/14/2010,,12/31/2010,0:00:00,DSV Gulf Freedom,203,,5.38,-,,,,,,,,,,,,
2010-03-25,40016-01-25-10,47,D,40016,69,DCS/69,Globalstar,R/V Brooks McCall,3/25/2010,,3/25/2010,5:00:00,4/10/2010,,4/12/2010,12:00:00,Truck,16,,5.33,-,,,,,,,,,,,,
2010-03-25,019-2010-03-25,264,J,System 19,374,DCS3900,Globalstar,R/V Brooks McCall,3/25/2010,,3/25/2010,7:00:00,10/14/2010,,12/31/2010,0:00:00,DSV Gulf Freedom,203,,5.48,-,,,,,,,,,,,,
2010-03-25,50039-02-08-10,67,W,50039,126,DCS3900R,Globalstar,R/V Brooks McCall,3/25/2010,,3/27/2010,2:30:00,10/15/2010,,12/31/2010,0:00:00,DSV Gulf Freedom,204,,3.37,-,,,,,,,,,,,,
2010-08-18,40014-04-09-10,33,R,40014,133,DCS3900,Globalstar,DSV Gulf Freedom,8/18/2010,,8/18/2010,23:59:59,5/9/2011,,12/31/2010,0:00:00,R/V Ferrel,264,,3.43,-,,,,,,,,,,,,
2010-08-19,225M02-03-31-10,159,N,225m02,138,DCS138,Globalstar,DSV Gulf Freedom,8/19/2010,,8/19/2010,12:00:00,,,0000-00-00 00:00:00,0000-00-00 00:00:00,,,,3.98,-,,,,,,,,,,,,
2010-08-20,008-05-06-10,125,B,System 8,,DCS/209,Globalstar,DSV Gulf Freedom,8/20/2010,,8/20/2010,,1/21/2011,,1/21/2011,,R/V Brooks McCall,154,,,,,,,,,,,,,,,
2010-08-20,50040-04-07-10,56,F,50040,65,DCS4100R/65,Globalstar,DSV Gulf Freedom,8/20/2010,,8/20/2010,,5/7/2011,,5/7/2011,,R/V Ferrel,260,,,,,,,,,,,,,,,
2010-08-20,03-2010-08-20,316,V,225m03,,DCS/137,Globalstar,DSV Gulf Freedom,8/20/2010,,8/20/2010,,5/6/2011,,5/6/2011,,R/V Ferrel,259,,,,,,,,,,,,,,,
2010-10-14,018-06-02-10,148,J,System 18,,DCS/69,Globalstar,DSV Gulf Freedom,10/14/2010,,10/14/2010,,1/20/2011,,1/20/2011,,R/V Brooks McCall,98,,,,,,,,,,,,,,,
2010-10-14,225M01-05-10-10,161,K,225m01,232,DCS3900,Globalstar,DSV Gulf Freedom,10/14/2010,,10/14/2010,23:59:59,,,4/20/2012,17:30:00,,,,5.38,not immediately redeployed,,,,,,,,,,,,
2010-10-15,0110-08-03-10,22,W,110,,DCS/63,Globalstar,DSV Gulf Freedom,10/15/2010,,10/15/2010,,5/9/2011,,5/9/2011,,R/V Ferrel,206,,,,,,,,,,,,,,,
2010-10-15,80085-08-27-10,87,D,80085,,DCS/233,Globalstar,DSV Gulf Freedom,10/15/2010,,10/15/2010,,5/7/2011,,5/7/2011,,R/V Ferrel,204,,,,,,,,,,,,,,,
2010-10-20,,,V,,,DCS70,,,10/20/2010,23:23:59,10/20/2010,23:23:59,4/19/2012,21:10:00,4/19/2012,21:10:00,,,4.75,4.75,no sessions,no sessions,27.8958,93.6125,4.75,,no sessions,,,,,,257
2010-10-28,,,D,,,DCS-278,,,10/28/2010,5:00:00,10/28/2010,5:00:00,4/12/2010,12:00:00,4/12/2010,12:00:00,,,5.33,5.33,deploy_time_guess,deploy_time_guess,27.93295,96.8076,5.33,,deploy_time_guess,,,,,,101
2011-01-20,019-10-27-10,150,J,System 19,,DCS/374,Globalstar,R/V Brooks McCall,1/20/2011,,1/20/2011,,,,,,,,,,,,,,,,,,,,,,
2011-01-21,020-11-10-10,152,B,System 20,,DCS/382,Globalstar,R/V Brooks McCall,1/21/2011,,1/21/2011,,,,,,,,,,,,,,,,,,,,,,
2011-05-06,012-11-24-10,137,V,System 12,,DCS/114,Globalstar,R/V Ferrel,5/6/2011,,5/6/2011,,,,,,,,,,,,,,,,,,,,,,
2011-05-07,109-2011-05-07,227,D,109,,DCS/525,Globalstar,R/V Ferrel,5/7/2011,,5/7/2011,,,,,,,,,,,,,,,,,,,,,,
2011-05-07,80085-2011-05-07,242,F,80085,,DCS/233,Globalstar,R/V Ferrel,5/7/2011,,5/7/2011,,,,,,,,,,,,,,,,,,,,,,
2011-05-07,50039-2011-05-07,320,W,50039,,DCS/126,Globalstar,R/V Ferrel,5/7/2011,,5/7/2011,,,,,,,,,,,,,,,,,,,,,,
2011-05-09,110-2011-05-09,298,R,110,,DCS3900,Globalstar,R/V Ferrel,5/9/2011,,5/9/2011,23:59:59,,,12/31/2010,0:00:00,,,,3.43,-,,,,,,,,,,,,
2011-08-26,,,B,,,DCS352,,,8/26/2011,2:30:00,8/26/2011,2:30:00,2/23/2012,17:00:00,2/23/2012,17:00:00,,,4.23,4.23,no incident,no incident,28.98283,94.9162,4.23,,no incident,,,,,,56
2011-08-27,,,J,,,DCS3900,,,8/27/2011,23:59:59,8/27/2011,23:59:59,4/21/2012,3:10:00,4/21/2012,3:10:00,,,5.48,5.48,-,-,26.18833,97.05067,5.48,,-,,,,,,166
2011-10-26,,,V,,,DCS70,,,10/26/2011,23:23:59,10/26/2011,23:23:59,2/29/2012,2:30:00,2/29/2012,2:30:00,,,4.75,4.75,2/29/2012 2:30,2/29/2012 2:30,27.8958,93.6125,4.75,,2/29/2012 2:30,,,,,,258
2011-10-27,,,F,,,DCS3900,,,10/27/2011,23:59:59,10/27/2011,23:59:59,12/20/2011,7:40:00,12/20/2011,7:40:00,,,3.83,3.83,recovered adrift,recovered adrift,28.836,94.2355,3.83,,recovered adrift,,,,,,133
2011-10-28,,,D,,,U,,,10/28/2011,13:00:00,10/28/2011,13:00:00,12/20/2011,12:00:00,12/20/2011,12:00:00,,,0,0,recovered adrift buoy,recovered adrift buoy,0,0,0,,recovered adrift buoy,,,,,,281
2011-10-28,,,W,,,DCS3900R,,,10/28/2011,23:59:59,10/28/2011,23:59:59,2/25/2012,5:15:00,2/25/2012,5:15:00,,,3.37,3.37,28.3539,28.3539,28.3539,96,3.37,,28.3539,,,,,,277
2011-10-29,,,R,,,DCS3900,,,10/29/2011,16:30:00,10/29/2011,16:30:00,4/23/2012,6:10:00,4/23/2012,6:10:00,,,3.43,3.43,-,-,29.64728,93.63947,3.43,,-,,,,,,233
2011-12-20,,,D,,,U,,,12/20/2011,12:20:00,12/20/2011,12:20:00,0000-00-00 00:00:00,0000-00-00 00:00:00,0000-00-00 00:00:00,0000-00-00 00:00:00,,,0,0,new buoy,new buoy,0,0,0,,new buoy,,,,,,280
2011-12-20,,,D,,,\N,,,12/20/2011,12:20:00,12/20/2011,12:20:00,0000-00-00 00:00:00,0000-00-00 00:00:00,0000-00-00 00:00:00,0000-00-00 00:00:00,,,\N,\N,redeployed adrift buoy,redeployed adrift buoy,\N,\N,\N,,redeployed adrift buoy,,,,,,295
2011-12-21,,,D,,,DCS-278,,,12/21/2011,5:00:00,12/21/2011,5:00:00,12/20/2011,12:00:00,12/20/2011,12:00:00,,,5.33,5.33,27.93295,27.93295,27.93295,96.8076,5.33,,27.93295,,,,,,102
2011-12-21,,,F,,,DCS3900,,,12/21/2011,5:15:00,12/21/2011,5:15:00,2/23/2012,7:15:00,2/23/2012,7:15:00,,,2.83,2.83,28.863,28.863,28.863,94.2355,2.83,,28.863,,,,,,279
2012-02-22,,,V,,,\N,,,2/22/2012,2:32:00,2/22/2012,2:32:00,4/19/2012,21:10:00,4/19/2012,21:10:00,,,\N,\N,deployed a TABS II,deployed a TABS II,\N,\N,\N,,deployed a TABS II,,,,,,288
2012-02-22,,,R003,,,U,,,2/22/2012,10:40:00,2/22/2012,10:40:00,2/26/2012,18:45:00,2/26/2012,18:45:00,,,0,0,Test,Test,0,0,0,,Test,,,,,,291
2012-02-23,,,F,,,U,,,2/23/2012,14:00:00,2/23/2012,14:00:00,0000-00-00 00:00:00,0000-00-00 00:00:00,0000-00-00 00:00:00,0000-00-00 00:00:00,,,0,0,,,0,0,0,,,,,,,,289
2012-02-23,,,B,,,U,,,2/23/2012,19:30:00,2/23/2012,19:30:00,0000-00-00 00:00:00,0000-00-00 00:00:00,0000-00-00 00:00:00,0000-00-00 00:00:00,,,0,0,,,0,0,0,,,,,,,,290
2012-02-25,,,W,,,\N,,,2/25/2012,6:24:00,2/25/2012,6:24:00,4/22/2012,11:30:00,4/22/2012,11:30:00,,,\N,\N,high winds,high winds,\N,\N,\N,,high winds,,,,,,294
2012-04-19,,,V,,,\N,,,4/19/2012,21:30:00,4/19/2012,21:30:00,0000-00-00 00:00:00,0000-00-00 00:00:00,0000-00-00 00:00:00,0000-00-00 00:00:00,,,\N,\N,,,\N,\N,\N,,,,,,,,300
2012-04-21,,,J,,,\N,,,4/21/2012,4:00:00,4/21/2012,4:00:00,0000-00-00 00:00:00,0000-00-00 00:00:00,0000-00-00 00:00:00,0000-00-00 00:00:00,,,\N,\N,,,\N,\N,\N,,,,,,,,297
2012-04-22,,,W,,,\N,,,4/22/2012,12:35:00,4/22/2012,12:35:00,0000-00-00 00:00:00,0000-00-00 00:00:00,0000-00-00 00:00:00,0000-00-00 00:00:00,,,\N,\N,,,\N,\N,\N,,,,,,,,298
2012-04-23,,,R,,,\N,,,4/23/2012,6:35:00,4/23/2012,6:35:00,0000-00-00 00:00:00,0000-00-00 00:00:00,0000-00-00 00:00:00,0000-00-00 00:00:00,,,\N,\N,,,\N,\N,\N,,,,,,,,301
0000-00-00 00:00:00,,,K,,,\N,,,0000-00-00 00:00:00,0000-00-00 00:00:00,0000-00-00 00:00:00,0000-00-00 00:00:00,4/20/2012,22:30:00,4/20/2012,22:30:00,,,\N,\N,,,\N,\N,\N,,,,,,,,302
Deployment date,,,,,Sensor,Sensor,,,Deployment date,Deployment time,Deployment date,Deployment time,Recovery date,Recovery time,Recovery date,Recovery time,,,inclination,inclination,Comments,Comments,lat,lon,inclination,,Comments,,,,,,
